-- phpMyAdmin SQL Dump
-- version 4.8.5
-- https://www.phpmyadmin.net/
--
-- Host: 127.0.0.1:3306
-- Generation Time: Jun 17, 2019 at 02:36 AM
-- Server version: 5.7.26
-- PHP Version: 7.2.18

SET SQL_MODE = "NO_AUTO_VALUE_ON_ZERO";
SET AUTOCOMMIT = 0;
START TRANSACTION;
SET time_zone = "+00:00";


/*!40101 SET @OLD_CHARACTER_SET_CLIENT=@@CHARACTER_SET_CLIENT */;
/*!40101 SET @OLD_CHARACTER_SET_RESULTS=@@CHARACTER_SET_RESULTS */;
/*!40101 SET @OLD_COLLATION_CONNECTION=@@COLLATION_CONNECTION */;
/*!40101 SET NAMES utf8mb4 */;

--
-- Database: `newspaperdb`
--

-- --------------------------------------------------------

--
-- Table structure for table `account`
--

DROP TABLE IF EXISTS `account`;
CREATE TABLE IF NOT EXISTS `account` (
  `account_id` int(11) NOT NULL AUTO_INCREMENT,
  `email` varchar(50) COLLATE utf8mb4_vietnamese_ci DEFAULT NULL,
  `password` varchar(256) COLLATE utf8mb4_vietnamese_ci DEFAULT NULL,
  `first_name` varchar(50) COLLATE utf8mb4_vietnamese_ci DEFAULT NULL,
  `last_name` varchar(50) COLLATE utf8mb4_vietnamese_ci DEFAULT NULL,
  `birthdate` date DEFAULT NULL,
  `account_type` varchar(15) COLLATE utf8mb4_vietnamese_ci DEFAULT NULL,
  `nickname` varchar(50) COLLATE utf8mb4_vietnamese_ci DEFAULT NULL,
  PRIMARY KEY (`account_id`),
  UNIQUE KEY `username` (`email`)
) ENGINE=MyISAM AUTO_INCREMENT=39 DEFAULT CHARSET=utf8mb4 COLLATE=utf8mb4_vietnamese_ci;

--
-- Dumping data for table `account`
--

INSERT INTO `account` (`account_id`, `email`, `password`, `first_name`, `last_name`, `birthdate`, `account_type`, `nickname`) VALUES
(1, 'dangbaminh260896@gmail.com', '8d969eef6ecad3c29a3a629280e686cf0c3f5d5a86aff3ca12020c923adc6c92', 'Minh', 'Dang', NULL, 'administrator', 'Oklahoma'),
(2, '1412315@student.hcmus.edu.vn', '8d969eef6ecad3c29a3a629280e686cf0c3f5d5a86aff3ca12020c923adc6c92', 'Minh', 'Dang', NULL, 'editor', 'Chicago'),
(3, '1412329@student.hcmus.edu.vn', '8d969eef6ecad3c29a3a629280e686cf0c3f5d5a86aff3ca12020c923adc6c92', 'Minh', 'Vu', NULL, 'writer', 'Hood'),
(4, 'vdminh131@gmail.com', '123456', 'Minh', 'Vu', NULL, 'subscriber', 'Leander'),
(5, 'writer001', '123456', '000', '001', NULL, 'writer', 'Roon'),
(6, 'writer002', '123456', '000', '002', NULL, 'writer', 'Mornach'),
(7, 'writer003', '123456', '000', '003', NULL, 'writer', 'Amagi'),
(8, 'writer004', '123456', '000', '004', NULL, 'writer', 'Akagi'),
(9, 'writer005', '123456', '000', '005', NULL, 'writer', 'Kaga'),
(10, 'writer006', '123456', '000', '006', NULL, 'writer', 'Bismarck'),
(11, 'writer007', '123456', '000', '007', NULL, 'writer', 'Enterprise'),
(12, 'writer008', '123456', '000', '008', NULL, 'writer', 'Mikasa'),
(13, 'writer009', '123456', '000', '009', NULL, 'writer', 'Ayanagi'),
(14, 'writer010', '123456', '000', '010', NULL, 'writer', 'Washinton'),
(15, 'editor001', '123456', '001', '001', NULL, 'editor', 'Bane'),
(16, 'editor002', '123456', '001', '002', NULL, 'editor', 'Jack'),
(17, 'editor003', '123456', '001', '003', NULL, 'editor', 'Hastur'),
(18, 'editor004', '123456', '001', '004', NULL, 'editor', 'Joseph'),
(19, 'editor005', '123456', '001', '005', NULL, 'editor', 'Graf Spee'),
(20, 'admin001', '123456', '002', '001', NULL, 'administrator', 'Hipper'),
(21, 'admin002', '123456', '002', '002', NULL, 'administrator', 'Eldridge'),
(22, 'subscriber001', '123456', '003', '001', NULL, 'subscriber', 'Z46'),
(23, 'subscriber002', '123456', '003', '002', NULL, 'subscriber', 'Z23'),
(24, 'subscriber003', '123456', '003', '003', NULL, 'subscriber', 'Laffey'),
(25, 'subscriber004', '123456', '003', '004', NULL, 'subscriber', 'StLouis'),
(26, 'subscriber005', '123456', '003', '005', NULL, 'subscriber', 'Lena'),
(27, 'dinhhai1002@gmail.com', '472bbe83616e93d3c09a79103ae47d8f71e3d35a966d6e8b22f743218d04171d', 'Dinh', 'Hai', '1996-08-26', 'subscriber', NULL);

-- --------------------------------------------------------

--
-- Table structure for table `administrator`
--

DROP TABLE IF EXISTS `administrator`;
CREATE TABLE IF NOT EXISTS `administrator` (
  `Account_ID` int(11) NOT NULL AUTO_INCREMENT,
  `User_Name` varchar(50) COLLATE utf8mb4_vietnamese_ci DEFAULT NULL,
  `Password` varchar(50) COLLATE utf8mb4_vietnamese_ci DEFAULT NULL,
  `First_Name` varchar(50) COLLATE utf8mb4_vietnamese_ci DEFAULT NULL,
  `Last_Name` varchar(50) COLLATE utf8mb4_vietnamese_ci DEFAULT NULL,
  PRIMARY KEY (`Account_ID`)
) ENGINE=MyISAM AUTO_INCREMENT=3 DEFAULT CHARSET=utf8mb4 COLLATE=utf8mb4_vietnamese_ci;

--
-- Dumping data for table `administrator`
--

INSERT INTO `administrator` (`Account_ID`, `User_Name`, `Password`, `First_Name`, `Last_Name`) VALUES
(1, 'admin001', '123456', 'a001', 'administrator'),
(2, 'admin002', '123456', 'a002', 'administrator');

-- --------------------------------------------------------

--
-- Table structure for table `category`
--

DROP TABLE IF EXISTS `category`;
CREATE TABLE IF NOT EXISTS `category` (
  `category_id` int(11) NOT NULL AUTO_INCREMENT,
  `cat_name` varchar(50) COLLATE utf8mb4_vietnamese_ci DEFAULT NULL,
  PRIMARY KEY (`category_id`)
) ENGINE=MyISAM AUTO_INCREMENT=17 DEFAULT CHARSET=utf8mb4 COLLATE=utf8mb4_vietnamese_ci;

--
-- Dumping data for table `category`
--

INSERT INTO `category` (`category_id`, `cat_name`) VALUES
(1, 'Kinh doanh'),
(2, 'Thế giới'),
(3, 'Văn hóa - Xã hội'),
(5, 'Thể thao'),
(6, 'Giáo dục'),
(7, 'Giải trí'),
(8, 'Du lịch'),
(9, 'Nhịp sống Trẻ'),
(10, 'Sức mạnh số'),
(11, 'Khoa học - Công nghệ'),
(12, 'Tình yêu - Giới tính'),
(13, 'Tuyển sinh'),
(14, 'Việc làm - Tuyển dụng'),
(15, 'Du học'),
(4, 'Đời sống');

-- --------------------------------------------------------

--
-- Table structure for table `editor`
--

DROP TABLE IF EXISTS `editor`;
CREATE TABLE IF NOT EXISTS `editor` (
  `Editor_ID` int(11) NOT NULL AUTO_INCREMENT,
  `User_Name` varchar(50) COLLATE utf8mb4_vietnamese_ci DEFAULT NULL,
  `Password` varchar(50) COLLATE utf8mb4_vietnamese_ci DEFAULT NULL,
  `First_Name` varchar(50) COLLATE utf8mb4_vietnamese_ci DEFAULT NULL,
  `Last_Name` varchar(50) COLLATE utf8mb4_vietnamese_ci DEFAULT NULL,
  PRIMARY KEY (`Editor_ID`)
) ENGINE=MyISAM AUTO_INCREMENT=3 DEFAULT CHARSET=utf8mb4 COLLATE=utf8mb4_vietnamese_ci;

--
-- Dumping data for table `editor`
--

INSERT INTO `editor` (`Editor_ID`, `User_Name`, `Password`, `First_Name`, `Last_Name`) VALUES
(1, 'editor001', '123456', 'e001', 'editor'),
(2, 'editor002', '123456', 'e002', 'editor');

-- --------------------------------------------------------

--
-- Table structure for table `editor_category_managements`
--

DROP TABLE IF EXISTS `editor_category_managements`;
CREATE TABLE IF NOT EXISTS `editor_category_managements` (
  `id` int(11) NOT NULL AUTO_INCREMENT,
  `Editor_ID` int(11) NOT NULL,
  `Category_ID` int(11) NOT NULL,
  PRIMARY KEY (`id`)
) ENGINE=MyISAM AUTO_INCREMENT=16 DEFAULT CHARSET=utf8mb4 COLLATE=utf8mb4_vietnamese_ci;

--
-- Dumping data for table `editor_category_managements`
--

INSERT INTO `editor_category_managements` (`id`, `Editor_ID`, `Category_ID`) VALUES
(1, 1, 1),
(2, 2, 2),
(3, 1, 3),
(4, 2, 4),
(5, 1, 5),
(6, 2, 6),
(7, 1, 7),
(8, 2, 8),
(9, 1, 9),
(10, 2, 10),
(11, 1, 11),
(12, 2, 12),
(13, 1, 13),
(14, 2, 14),
(15, 1, 15);

-- --------------------------------------------------------

--
-- Table structure for table `editor_news_managements`
--

DROP TABLE IF EXISTS `editor_news_managements`;
CREATE TABLE IF NOT EXISTS `editor_news_managements` (
  `id` int(11) NOT NULL AUTO_INCREMENT,
  `Editor_ID` int(11) DEFAULT NULL,
  `News_ID` int(11) DEFAULT NULL,
  `Explanation` mediumtext COLLATE utf8mb4_vietnamese_ci,
  `Upload_Date` date DEFAULT NULL,
  PRIMARY KEY (`id`)
) ENGINE=MyISAM AUTO_INCREMENT=4 DEFAULT CHARSET=utf8mb4 COLLATE=utf8mb4_vietnamese_ci;

--
-- Dumping data for table `editor_news_managements`
--

INSERT INTO `editor_news_managements` (`id`, `Editor_ID`, `News_ID`, `Explanation`, `Upload_Date`) VALUES
(1, 1, 20, 'Too bad', NULL),
(2, 2, 40, 'Write some more', NULL),
(3, 1, 60, 'Just no', NULL);

-- --------------------------------------------------------

--
-- Table structure for table `editor_writer_managements`
--

DROP TABLE IF EXISTS `editor_writer_managements`;
CREATE TABLE IF NOT EXISTS `editor_writer_managements` (
  `id` int(11) NOT NULL AUTO_INCREMENT,
  `Editor_ID` int(11) DEFAULT NULL,
  `Writer_ID` int(11) DEFAULT NULL,
  PRIMARY KEY (`id`)
) ENGINE=MyISAM AUTO_INCREMENT=9 DEFAULT CHARSET=utf8mb4 COLLATE=utf8mb4_vietnamese_ci;

--
-- Dumping data for table `editor_writer_managements`
--

INSERT INTO `editor_writer_managements` (`id`, `Editor_ID`, `Writer_ID`) VALUES
(1, 1, 1),
(2, 1, 2),
(3, 1, 3),
(4, 1, 4),
(5, 2, 5),
(6, 2, 6),
(7, 2, 7),
(8, 2, 8);

-- --------------------------------------------------------

--
-- Table structure for table `news`
--

DROP TABLE IF EXISTS `news`;
CREATE TABLE IF NOT EXISTS `news` (
  `news_id` int(11) NOT NULL AUTO_INCREMENT,
  `Title` text COLLATE utf8mb4_vietnamese_ci,
  `Summary` text COLLATE utf8mb4_vietnamese_ci,
  `Writer_ID` int(11) DEFAULT NULL,
  `Views` int(11) DEFAULT NULL,
  `Thumbnail_image` text COLLATE utf8mb4_vietnamese_ci,
  `Date` date DEFAULT NULL,
  `Content` text COLLATE utf8mb4_vietnamese_ci,
  `Subcat_ID` int(11) DEFAULT NULL,
  `Tag_ID` varchar(256) COLLATE utf8mb4_vietnamese_ci NOT NULL,
  `Status` varchar(50) COLLATE utf8mb4_vietnamese_ci DEFAULT NULL,
  `Premium` tinyint(1) DEFAULT NULL,
  PRIMARY KEY (`news_id`)
) ENGINE=MyISAM AUTO_INCREMENT=64 DEFAULT CHARSET=utf8mb4 COLLATE=utf8mb4_vietnamese_ci;

--
-- Dumping data for table `news`
--

INSERT INTO `news` (`news_id`, `Title`, `Summary`, `Writer_ID`, `Views`, `Thumbnail_image`, `Date`, `Content`, `Subcat_ID`, `Tag_ID`, `Status`, `Premium`) VALUES
(1, 'Cần tiền, em trai bầu Đức muốn bán “sạch” cổ phần tại Hoàng Anh Gia Lai', 'Trong khoảng thời gian từ ngày 7/6 đến 6/7, ông Đoàn Nguyên Thu (em trai bầu Đức) sẽ thực hiện bán ra toàn bộ hơn 5 triệu cổ phiếu HAG để “cân đối tài chính cá nhân” và dự thu về 25 tỷ đồng', 1, 35, 'can-tien-em-trai-bau-duc.jpg', '2019-06-04', '<img src=\"https://icdn.dantri.com.vn/thumb_w/640/2019/06/05/doan-nguyen-thu-1559729994522.jpg\" />\r\n\r\nÔng Đoàn Nguyên Thu, Thành viên Hội đồng quản trị kiêm Phó Tổng giám đốc Công ty CP Hoàng Anh Gia Lai vừa có văn bản gửi Sở giao dịch chứng khoán TPHCM (HSX) báo cáo về giao dịch cổ phiếu của người nội bộ tại tập đoàn này.\r\n\r\nTheo đó, ông Thu đăng ký bán toàn bộ hơn 5 triệu cổ phiếu HAG đang sở hữu, tương đương 0,54% vốn điều lệ của Hoàng Anh Gia Lai. Giao dịch dự kiến thực hiện từ 7/6 đến 6/7/2019. Ông Thu cho biết thực hiện giao dịch này nhằm mục đích “cân đối tài chính cá nhân”.\r\n\r\nÔng Đoàn Nguyên Thu là em trai của ông Đoàn Nguyên Đức (bầu Đức) - Chủ tịch Hội đồng quản trị Hoàng Anh Gia Lai. Vào cuối năm ngoái, ông Thu từng bị Ủy ban chứng khoán xử phạt hành chính vì chậm báo cáo giao dịch bán gần 1 triệu cổ phiếu HAG.\r\n\r\nUỷ ban cho biết, ngày 13/4/2018, ông Đoàn Nguyên Thu đã bán gần 960.000 cổ phiếu HAG nhưng phải đến ngày 24/4/2018, Sở Giao dịch chứng khoán TPHCM mới nhận được báo cáo kết quả thực hiện giao dịch này. Với vi phạm nói trên, ông bị xử phạt hành chính 22,5 triệu đồng.\r\n\r\nCũng thời gian nói trên, hơn 1,2 triệu cổ phiếu HAG do ông Thu sở hữu đã bị Công ty CP Chứng khoán Tân Việt bán giải chấp để thu hồi nợ.\r\n\r\nÔng Đoàn Nguyên Thu được coi là cánh tay đắc lực cho Chủ tịch Hoàng Anh Gia Lai. Bên cạnh giữ chức vụ lãnh đạo chủ chốt của Hoàng Anh Gia Lai, ông Thu từng là Thành viên Hội đồng quản trị Công ty CP Nông nghiệp Quốc tế Hoàng Anh Gia Lai (HAGL Agrico), song đã từ nhiệm hồi năm ngoái để nhường chỗ cho người của Thaco vào thực hiện hoạt động tái cơ cấu.\r\n\r\nTrên thị trường chứng khoán, cổ phiếu HAG hiện có giá 4.940 đồng sau khi tăng 0,82% trong phiên giao dịch ngày 5/6. Với khối lượng cổ phiếu chuẩn bị bán ra, nếu thực hiện thành công, ông Đoàn Nguyên Thu sẽ nhận về gần 25 tỷ đồng tiền mặt và không còn là cổ đông tại Hoàng Anh Gia Lai.', 1, '2;5;6;7', 'Published', 0),
(2, 'Giới chơi lan nói thẳng nguy cơ của giò lan 10 tỷ đồng', 'Lan phi điệp đột biến nói riêng và phong lan nói chung cực kỳ nhạy cảm với thời tiết và môi trường sống.', 1, 45, 'gioi-choi-lan-noi-thang-nguy-co-cua-gio-lan-10-ty-1.jpg', '2019-06-05', 'Vụ chuyển nhượng giò lan phi điệp đột biến mang tên \"Người đẹp Bình Dương\" với giá gần 10 tỷ đồng đang nhận được rất nhiều sự quan tâm của người chơi lan.\r\n\r\nCó ý kiến cho rằng, việc chi 10 tỷ để sở hữu một giò lan độc nhất vô nhị, thỏa niềm đam mê là điều hết sức bình thường. Tuy nhiên, nhiều người trong giới chơi lan nhận định, thương vụ chuyển nhượng \"Người đẹp Bình Dương\" chỉ là chiêu trò để thổi giá dòng lan đột biến lên cao để trục lợi.\r\n\r\nVề vấn đề này, ông Tạ Đình Hùng (Thái Bình) cho biết: \"Tôi bỏ ra một số tiền lớn mua giò lan đột biến phi điệp chỉ với mục đích là cho thỏa niềm đam mê, muốn chinh phục và có được những giò lan đẹp. Còn về những thông tin khác như giá cả, thị trường ra sao tôi không quan tâm\".\r\n\r\nGiới chơi lan nói thẳng nguy cơ của giò lan 10 tỷ đồng - 1\r\n\r\n <img src=\"https://icdn.dantri.com.vn/thumb_w/640/2019/06/05/gioi-choi-lan-noi-thang-nguy-co-cua-gio-lan-10-ty-1-1559734966209.jpg\" />\r\n\r\nCốt cách người chơi hoa\r\n\r\nBình luận về quan điểm của chủ nhân \"Người đẹp Bình Dương\", ông Phan Văn Phúc - chủ một vườn lan có tiếng ở Hà Tĩnh cho biết\"\r\n\r\n\"Phàm là người chơi lan thì ai cũng có đam mê đối với những dòng lan đẹp, quý hiếm. Chơi lan là thú chơi tao nhã, bản thân những người chơi lan cũng cần phải có cốt cách, đáng mặt quân tử. Một giò lan đẹp ví như một cô gái đẹp, mà mỹ nhân thì phải dành cho quân tử.\r\n\r\nVì sao tôi phải đề cập đến chữ quân tử ở đây? Mục đích là để những người chơi lan hiểu rằng, vật chất với đam mê là hai thứ tách biệt. Đừng để vật chất lấn át sang đam mê, khiến chúng ta mất đi khí chất \"quân tử\" - thứ dùng để thưởng thức vẻ đẹp của \"mỹ nhân\".\r\n\r\nTrở lại câu chuyện giò lan phi điệp đột biến giá 10 tỷ. Trước đây, khi mà dòng lan đột biến vẫn còn xa lạ đối với người chơi lan thì giá trị của chúng cũng không quá chênh lệch đối với những dòng lan khác.\r\n\r\nThời gian gần đây lại rộ lên phong trào chơi lan đột biến, cũng vì thế mà giá dòng lan này tăng đột biến. Ban đầu thì vài triệu, sau đó là vài trăm triệu, rồi đến tiền tỷ và giờ là hàng chục tỷ.\r\n\r\nNhận thấy đây là một miếng mồi ngon, nhiều \"thợ chơi lan\" bắt đầu tìm cách để thổi giá dòng lan đột biến lên cao chót vót. Tôi phải dùng từ \"thợ chơi lan\" để phân biệt với người chơi lan chân chính. \"Thợ chơi lan\" có rất nhiều mánh khóe để có thể thu về lợi nhuận cao nhất. Trong một thương vụ, nhiều khi một người có thể vào 2 - 3 vai để làm giá\".\r\n\r\nTheo ông Phú, một người chơi lan chân chính xem giò lan của mình như con đẻ. Đối với họ, giò lan là tài sản vô giá, họ không đem \"con\" của mình ra để ngã giá.\r\n\r\nNguy cơ hiện hữu\r\n\r\nỞ một góc nhìn khác, ông Trần Thành Chương - một người chơi lan lâu năm tại Phú Thọ cho rằng, việc đại gia Thái Bình bỏ số tiền 10 tỷ ra để sở hữu \"Người đẹp Bình Dương\" là một bước đi mạo hiểm.\r\n\r\n\"Vì sao nói mạo hiểm, bởi lẽ từ trước tới nay người chơi lan chỉ đánh giá cao lan phi điệp đột biến 5 cánh trắng ở Phú Thọ, Hòa Bình, Hải Dương và Hà Tĩnh. Việc đại gia Thái Bình mua \"Người đẹp Bình Dương\" với giá 10 tỷ khiến không ít người cảm thấy bất ngờ.\r\n\r\nCần phải hiểu rằng, lan phi điệp đột biến  nói riêng và phong lan nói chung cực kỳ nhạy cảm với thời tiết và môi trường sống. Thời tiết và môi trường sống ở miền Bắc khác hoàn toàn với thời tiết ở miền Nam.\r\n\r\nDo đó, vấn đề đặt ra ở đây là, khi sang tay chủ mới giò lan \"Người đẹp Bình Dương\" có ra hoa  hay không? Và khi ra hoa thì mặt hoa có giống như khi nó còn ở Bình Dương hay không?.\r\n\r\nTôi và vài người trong hội chơi lan cảm thấy hơi bất an về \"Người đẹp Bình Dương\". Nếu nó không ra hoa như mong muốn thì số tiền 10 tỷ ấy sẽ tan thành mây khói\".', 2, '3;7;8;4', 'Published', 0),
(3, 'Bộ trưởng Giao thông: Ít thất thu thuế của taxi công nghệ vì \"ngành thuế nắm rất kỹ\"', 'Bộ trưởng Nguyễn Văn Thể khẳng định, quan điểm của cơ quan Nhà nước sẽ đảm bảo sân chơi công bằng cho doanh nghiệp trong và ngoài nước, các hãng taxi công nghệ và cả truyền thống. ', 1, 24, 'bo-truong-giao-thong-it-nhat.jpg', '2019-06-05', '<img src=\"https://icdn.dantri.com.vn/thumb_w/640/2019/06/05/nguyenvanthecv-15280869004281642959754-1559727396210.jpg\" />\r\n\r\nChất vấn tại Nghị trường Quốc hội chiều nay (5/6), đại biểu Quốc hội Phạm Văn Hòa (Đồng Tháp) đề cập tới \"đề án thí điểm ứng dụng khoa học công nghệ hỗ trợ quản lý và kết nối vận tải hành khách theo hợp đồng. Theo đại biểu, theo đề án số lượng xe tham gia chỉ là hơn 40.000 xe nhưng thực tế có thể gấp 3 lần. Ông đặt câu hỏi tại sao lại có sự chênh lệch cao như vậy.\r\n\r\nBên cạnh đó, đại biểu cũng cho rằng, Grab chỉ nộp thuế khoảng 10 tỷ đồng trong giai đoạn các năm 2014-2016 trong khi taxi truyền thống nộp thuế cả nghìn tỷ đồng. \"Làm sao để quản lý, không có tình trạng \'chui\' số lượng xe, để bảo đảm cạnh tranh lành mạnh,\" đại biểu nhấn mạnh.\r\n\r\nTrả lời cho nội dung trên, Bộ trưởng Bộ Giao thông Vận tải cho biết, theo thống kê, hiện có 48.000 xe tham gia vào đề án thí điểm trên. Tuy nhiên, Bộ trưởng cũng không loại trừ trường hợp một số người dân đăng ký nhưng không hoạt động.\r\n\r\n\"Hiện có 14 đơn vị cung cấp phần mềm ứng dụng trong đó khoảng 12-13 đơn vị phần mềm của Việt Nam. Chúng tôi đã chỉ đạo các đơn vị tại địa phương kết nối số liệu với Bộ Giao thông Vận tải và ngành công an để nắm toàn bộ số xe tham gia vận tải theo dịch vụ công nghệ để quản lý chặt,\" Bộ trưởng thông tin. \r\n\r\nVề con số nộp thuế của taxi công nghệ, Bộ trưởng cho rằng, việc thất thu thuế chắc ít xảy ra vì \"ngành thuế nắm rất kỹ\". \"Quan điểm của cơ quan Nhà nước sẽ đảm bảo sân chơi công bằng cho doanh nghiệp trong và ngoài nước, các hãng taxi công nghệ và cả truyền thống\", Bộ trưởng Thể nói.\r\n\r\nGiải trình thêm về nội dung này, Bộ trưởng Bộ Tài chính Đinh Tiến Dũng cho biết, pháp luật về thuế hiện áp dụng thống nhất giữa các loại hình từ sắc thuế, điều kiện ưu đãi đến miễn giảm thuế.\r\n\r\n\"Doanh nghiệp taxi xác định được doanh thu, chi phí như Mai Linh, Vinasun thì phải nộp thuế theo phương pháp kê khai. Còn phương pháp tính theo tỷ lệ trên doanh thu chỉ áp dụng đối với nhà thầu nước ngoài không đáp ứng điều kiện nộp thuế theo phương pháp kê khai (xác định được doanh thu nhưng không xác định được chi phí)\", Bộ trưởng Dũng nói.\r\n\r\nNgười đứng đầu ngành tài chính cho hay, với các nhà thầu nước ngoài, tỷ lệ ấn định trên doanh thu với thuế thu nhập doanh nghiệp, thuế giá trị gia tăng với loại hình trên đảm bảo phù hợp với từng lĩnh vực kinh doanh.\r\n\r\n\"Thống kê 9 công ty vận tải lớn về công nghệ như Grab Việt Nam, Fastgo... trong năm 2018 và 4 tháng năm nay cho thấy, số thuế phải nộp của các đơn vị này là 437 tỷ đồng. Các đơn vị trên qua đó đã thực hiện nộp 415 tỷ đồng\", ông Dũng thông tin.\r\n\r\nTrước đó, theo ông, Bộ Tài chính đã chỉ đạo Cục Thuế TPHCM kiểm tra thuế tại Uber trong giai đoạn 2014-2016 và qua đó xử lý truy thu 66,68 tỷ đồng. Đến 31/8/2018, Uber đã nộp đủ số tiền trên.\r\n\r\nVề giải pháp thời gian tới, người đứng đầu Bộ Tài chính cho biết sẽ triển khai bổ sung trong Luật Quản lý thuế và các pháp luật liên quan về vấn đề trên. Cùng với đó, cơ quan thuế sẽ chủ động thanh kiểm tra để chống thất thu thuế; kết nối, cung cấp thông tin, triển khai hóa đơn điện tử với các hoạt động kinh doanh trong đó có vận tải hành khách theo hợp đồng điện tử.', 3, '2;6;1;9', 'Published', 0),
(4, 'Thủ tướng: Việt Nam coi trọng quan hệ hợp tác nhiều mặt với Italia', 'Tại cuộc hội đàm với Thủ tướng Italia Giuseppe Conte trưa 5/6. Thủ tướng Nguyễn Xuân Phúc khẳng định, Việt Nam luôn coi trọng quan hệ hữu nghị và hợp tác nhiều mặt với Italia, thành viên quan trọng của Liên minh châu Âu (EU). Italia mong muốn tăng cường hơn nữa quan hệ đối tác chiến lược với Việt Nam.', 2, 18, 'thu-tuong-viet-nam-coi-trong.jpg', '2019-06-05', 'Nhận lời mời của Thủ tướng Chính phủ Nguyễn Xuân Phúc, Thủ tướng nước Cộng hòa Italia Giuseppe Conteđã đến Hà Nội bắt đầu chuyến thăm chính thức Việt Nam từ ngày 5-6/6.\r\n\r\nSáng 5/6, tại Phủ Chủ tịch, Thủ tướng Chính phủ Nguyễn Xuân Phúc đã chủ trì lễ đón chính thức Thủ tướng Giuseppe Conte. Sau lễ đón, Thủ tướng Chính phủ Nguyễn Xuân Phúc và Thủ tướng Giuseppe Conteđã đã tiến hành hội đàm tại trụ sở Chính phủ.\r\n\r\nThủ tướng: Việt Nam coi trọng quan hệ hợp tác nhiều mặt với Italia - 1\r\nhttps://icdn.dantri.com.vn/thumb_w/640/2019/06/05/3093098977482996814-img-4581-1559719345823.jpg\r\nThủ tướng Nguyễn Xuân Phúc và Thủ tướng Italia Giuseppe Conte (ảnh: Hữu Nghị)\r\n\r\nTrong bối cảnh quan hệ hai nước đang phát triển tốt đẹp và hai nước vừa kỷ niệm 45 năm thiết lập quan hệ ngoại giao (1973 -2018) và 5 năm triển khai quan hệ đối tác chiến lược (2013 - 2018), Thủ tướng Nguyễn Xuân Phúc khẳng định Việt Nam luôn coi trọng quan hệ hữu nghị và hợp tác nhiều mặt với Italia, thành viên quan trọng của Liên minh châu Âu (EU).\r\n\r\nThủ tướng Giuseppe Conte chân thành cảm ơn Thủ tướng Nguyễn Xuân Phúc và nhân dân Việt Nam đã dành cho Đoàn sự đón tiếp nồng hậu; bày tỏ ấn tượng trước sự phát triển năng động về kinh tế - xã hội và đánh giá cao vị thế ngày càng tăng của Việt Nam tại khu vực và trên trường quốc tế với việc Việt Nam đã tổ chức thành công nhiều sự kiện quốc tế quan trọng.\r\n\r\nThủ tướng Giuseppe Conte khẳng định, Chính phủ Italia coi trọng và mong muốn tăng cường hơn nữa quan hệ đối tác chiến lược với Việt Nam, coi Việt Nam là đối tác hàng đầu ở Đông Nam Á, thể hiện qua việc chọn Việt Nam là nơi tổ chức Đối thoại cấp cao về quan hệ kinh tế ASEAN - Italia lần thứ ba.\r\n\r\nThủ tướng: Việt Nam coi trọng quan hệ hợp tác nhiều mặt với Italia - 2\r\nhttps://icdn.dantri.com.vn/thumb_w/640/2019/06/05/2150266614427986444-img-4383-1559719345962.jpg\r\nThủ tướng Nguyễn Xuân Phúc hội đàm với người đồng cấp Italia (ảnh: Hữu Nghị)\r\nTrao đổi về quan hệ song phương, hai Thủ tướng đánh giá quan hệ hợp tác giữa Việt Nam và Italia phát triển hiệu quả và năng động trên nhiều lĩnh vực, đặc biệt kể từ khi hai nước thiết lập quan hệ Đối tác chiến lược tháng 1/2013.\r\n\r\nHai Thủ tướng đánh giá quan hệ hai nước còn rất nhiều tiềm năng để phát triển sâu rộng hơn nữa và nhất trí hai bên cần tiếp tục tăng cường trao đổi và tiếp xúc ở các cấp, đẩy mạnh hợp tác trên các lĩnh vực chính trị - ngoại giao, kinh tế, văn hóa, giáo dục - đào tạo, khoa học - công nghệ, an ninh - quốc phòng, hợp tác phát triển bền vững, chống biến đổi khí hậu, kết nối địa phương.\r\n\r\nVề kinh tế, hai Thủ tướng đánh giá cao việc quan hệ thương mại đầu tư Việt Nam - Italia phát triển tích cực trong thời gian gần đây, Việt Nam là đối tác thương mại lớn nhất của Italia trong ASEAN. Hai bên nhất trí tạo điều kiện thuận lợi để hàng hóa hai nước vào thị trường của nhau và sẽ phấn đấu tăng kim ngạch song phương từ gần 5 tỷ USD lên 6 tỷ USD năm 2020 và 10 tỷ USD vào các năm sau đó.\r\n\r\nThủ tướng Nguyễn Xuân Phúc hoan nghênh sáng kiến tổ chức Đối thoại cấp cao về quan hệ kinh tế Italia - ASEAN lần thứ 3 tại Hà Nội, coi đây là một cơ hội quan trọng để Italia thúc đẩy hợp tác thương mại, đầu tư với Việt Nam và các nước ASEAN, ủng hộ việc Italia tăng cường quan hệ với các nước ASEAN.\r\n\r\nThủ tướng Nguyễn Xuân Phúc nhấn mạnh Việt Nam, với vị trí trung tâm trong mạng lưới FTA rộng lớn của khu vực Châu Á Thái Bình Dương sẽ là cửa ngõ cho các doanh nghiệp Italia vươn ra thị trường Đông Nam Á và Châu Á - Thái Bình Dương.\r\n\r\nThủ tướng: Việt Nam coi trọng quan hệ hợp tác nhiều mặt với Italia - 3\r\n\r\nThủ tướng Giuseppe Conte khẳng định, Chính phủ Italia coi trọng và mong muốn tăng cường hơn nữa quan hệ đối tác chiến lược với Việt Nam (ảnh: Hữu Nghị)\r\nHai Thủ tướng đã nhất trí tầm quan trọng của các Hiệp định Thương mại tự do Việt Nam - EU (EVFTA) và Hiệp đinh Đầu tư Việt Nam - EU (EVIPA). Thủ tướng Giuseppe Conte khẳng định ủng hộ việc sớm ký và phê chuẩn các Hiệp định này, góp phần thúc đẩy quan hệ đầu tư, thương mại tại thị trường của nhau, đáp ứng lợi ích của tất cả các bên.  \r\n\r\nHai Thủ tướng đã trao đổi về nhiều vấn đề quốc tế và khu vực cùng quan tâm; khẳng định tiếp tục hợp tác chặt chẽ và ủng hộ lẫn nhau tại các diễn đàn đa phương như Liên hợp quốc, ASEM, ASEAN - EU.\r\n\r\nHai Thủ tướng khẳng định tầm quan trọng của việc gìn giữ hòa bình, ổn định, an ninh, an toàn và tự hàng hải và hàng không ở Biển Đông đối với khu vực và quốc tế, cũng như việc giải quyết các tranh chấp bằng biện pháp hòa bình, trên cơ sở tôn trọng luật pháp quốc tế trong đó có Công ước Liên hợp quốc về Luật Biển 1982 (UNCLOS).', 4, '11;5;7;3', 'Published', 0),
(5, 'Quân cờ cũ mua bằng tiền lẻ bất ngờ trở thành báu vật có giá tiền tỷ', 'Một quân cờ từng được mua với giá 6 USD và nằm im trong góc tủ suốt 50 năm bất ngờ được phát hiện là một báu vật bị lãng quên với trị giá lên tới hơn 1 triệu USD.', 2, 77, 'quan-co-cu-mua.jpg', '2019-06-05', 'https://icdn.dantri.com.vn/thumb_w/640/2019/06/04/7-1559660849989.jpg\r\n\r\nMột quân cờ bằng nanh hải mã từng được mua với giá chỉ 6 USD (tương đương 140.000 đồng) hồi năm 1964 giờ đây có giá trị lên tới 1,2 triệu USD (28 tỷ đồng) và sẽ được đem ra đấu giá vào tháng tới.\r\n\r\nQuân cờ từng được mua bởi một người buôn bán đồ cổ sinh sống ở Scotland hóa ra là một quân cờ nằm trong bộ cờ Lewis được thực hiện từ hồi thế kỷ 12. Bộ cờ Lewis này từng được tìm thấy hồi năm 1831 ở đảo Lewis, Scotland. Đây là những quân cờ hiếm hoi còn lại nguyên vẹn từ thời trung cổ được tìm thấy tại Châu Âu.\r\n\r\nTừ hơn 180 năm trước, 93 quân cờ đã được tìm thấy trên đảo Lewis, nhưng qua năm tháng, đã có 5 quân cờ bị thất lạc. Quân cờ mới được phát hiện này sẽ được đem ra đấu giá tại nhà đấu giá Sotheby ở London, Anh vào ngày 2/7 tới đây.\r\n\r\nQuân cờ được tạc từ nanh hải mã có chiều cao 8,8 cm. Một người buôn đồ cổ có con mắt sành sỏi đã từng mua quân cờ này ở Edinburgh hồi năm 1964 dù cả người bán và người mua đều không nhận ra giá trị thực sự của quân cờ lạ lùng đó.\r\n\r\nhttps://icdn.dantri.com.vn/thumb_w/640/2019/06/04/8-1559660850058.jpg\r\n\r\nQuân cờ vẫn được cất giữ trong góc tủ lưu trữ đồ cổ của người buôn đồ cổ. Gần đây, con cháu của người này mang quân cờ tới nhà đấu giá Sotheby ở London để được xác định giá trị và hóa ra, món đồ gia truyền này là một cổ vật thực sự quý giá. Quân cờ khắc họa một người cai ngục, tương đương với một quân cờ tháp.\r\n\r\nHiện tại, gia đình sở hữu quân cờ này mong muốn được ẩn danh. Họ chia sẻ với nhà đấu giá rằng người ông của họ - người buôn đồ cổ năm xưa - kỳ thực hoàn toàn không biết gì về nguồn gốc xuất xứ cũng như giá trị của quân cờ.\r\n\r\nQuân cờ đã được cất giữ trong gia đình cùng với nhiều món đồ cổ khác qua các thế hệ. Quân cờ vẫn luôn được các con cháu trong gia đình biết tới bởi sự kỳ quái nhưng cũng khá tinh xảo, đẹp mắt. Họ luôn cảm thấy quân cờ này rất đặc biệt. Trong rất nhiều năm, quân cờ đã được cất giữ trong một hộc tủ, được bọc trong một túi giấy nhỏ.\r\n\r\nHiện tại, vẫn còn bốn quân cờ Lewis bị thất lạc đâu đó trên thế giới này. Những quân cờ không bị thất lạc đang được sở hữu bởi Viện bảo tàng Anh và Viện bảo tàng Quốc gia Scotland. Viện bảo tàng Anh đánh giá bộ cờ Lewis này là một biểu tượng quan trọng của nền văn minh Châu Âu thời trung cổ và là một bộ cờ độc đáo mang tính biểu tượng.\r\n\r\nChơi cờ là một hoạt động giải trí tinh thần với chiều sâu trí tuệ uyên thâm, từng ra đời trước tiên ở Ấn Độ từ hơn 1.500 năm trước, sau đó, hoạt động chơi cờ bắt đầu tới Châu Âu và ở thời trung cổ, bộ môn này đã trở nên rất phổ biến trong giới trí thức và thượng lưu Châu Âu.', 6, '4;10;5;3', 'Published', 0),
(6, 'Đà Nẵng hướng đến xây dựng thành phố sinh thái', 'Mục tiêu của TP Đà Nẵng là xây dựng hệ thống quản lý môi trường bền vững, hướng đến xây dựng thành phố sinh thái, có bản sắc riêng, đáp ứng các tiêu chí về thành phố sinh thái của khu vực và quốc tế.', 2, 72, 'da-nang-huong-den-xay-dung.jpg', '2019-06-05', 'Sáng 5/6, UBND TP Đà Nẵng tổ chức Hội nghị tổng kết 10 năm thực hiện đề án “Xây dựng Đà Nẵng - Thành phố môi trường”.\r\n\r\nBáo cáo tổng kết 10 năm thực hiện đề án, ông Tô Văn Hùng, Giám đốc Sở Tài nguyên – Môi trường Đà Nẵng cho biết, có 13/15 điểm nóng đã được xử lý triệt để, 2 điểm nóng phức tạp còn lại được kiềm chế. Các công trình xử lý nước thải đô thị tập trung đã được hoàn thành cơ bản (Phú Lộc, Sơn Trà, Ngũ Hành Sơn, Hòa Xuân, Khánh Sơn…) với tổng công suất 300.500 m3/ngày đêm.\r\n\r\nNhiều phong trào bảo vệ môi trường như Ngày Chủ nhật xanh – sạch – đẹp, Trường học xanh, chuyên mục Thành phố môi trường, Tổ dân phố không rác… được triển khai rộng rãi, thu hút đông đảo các lực lượng tham gia.\r\n\r\nhttps://icdn.dantri.com.vn/thumb_w/640/2019/06/05/hoi-nghi-moi-truong-1559708082172.jpg\r\n\r\nDiện tích cây xanh đô thị đạt 6 – 8 m2/người. Tỷ lệ hộ dân sử dụng nước sạch tại các quận nội thành đạt 97,83%, tại huyện Hòa Vang đạt 76,81%. Tỷ lệ nước thải công nghiệp đạt yêu cầu xả thải 100%...\r\n\r\nTuy nhiên, theo ông Hùng, thành phố vẫn còn một số tồn tại, hạn chế. Đó là sự gia tăng tình trạng rác thải bừa bãi; thiếu trang thiết bị, hạ tầng kỹ thuật đối với chất thải rắn. Công nghệ xử lý rác thải còn lạc hậu, ô nhiễm kéo dài. Chậm triển khai xã hội hóa trong thu gom, vận chuyển xử lý chất thải rắn, thủ tục đầu tư còn vướng. Hệ thống thu gom nước thải quá tải nhanh tại một số khu vực. Khu vực nông thôn phần lớn chưa có hệ thống thu gom và xử lý nước thải. Tình trạng nước thải tràn ra biển khi trời mưa vẫn còn xảy ra…\r\n\r\nÔng Hùng cũng cho biết, định hướng xây dựng Thành phố môi trường trong giai đoạn tới, Đà Nẵng đặt mục tiêu xây dựng hệ thống quản lý môi trường bền vững, hướng đến xây dựng thành phố sinh thái. Cụ thể, đến năm 2025, kiểm soát tốt chất lượng môi trường nước của thành phố (nước, không khí, đất), hoàn thành các tiêu chí đã được cập nhật đến năm 2025. Năm 2030, thiết lập được hệ thống quản lý môi trường của thành phố theo nền tảng thành phố sinh thái; xây dựng phấn đấu các tiêu chí về thành phố sinh thái. Đến năm 2045, là thành phố sinh thái, có bản sắc riêng, đáp ứng các tiêu chỉ về thành phố sinh thái của khu vực và quốc tế.\r\n\r\nhttps://icdn.dantri.com.vn/thumb_w/640/2019/06/05/dsc-3209-1559708090172.jpg\r\n\r\nPhát biểu kết luận hội nghị, Chủ tịch UBND TP Đà Nẵng Huỳnh Đức Thơ cho biết, sự ra đời đề án “Đà Nẵng – Thành phố môi trường” của UBND thành phố là một sự mạnh dạn, sáng tạo và thể hiện sự quyết tâm về bảo vệ môi trường của thành phố. Có thể nhận thấy, trong quá trình phát triển của thành phố thời gian qua không thể không nhắc đến vị trí quan trọng của đề án này, thể hiện 1 trong 3 trụ cột phát triển bền vững, góp phần để thành phố luôn hoàn thiện trong quá trình phát triển đô thị.\r\n\r\n“Việc tổ chức, triển khai đề án sau 10 năm có những kết quả đã được Trung ương, tổ chức quốc tế, cộng đồng ghi nhận, đánh giá cao. Nhưng thành phố cũng nhìn nhận kết quả này thực sự chưa đạt mục tiêu mà thành phố, nhân dân mong đợi”, ông Thơ nói.\r\n\r\nTheo ông Thơ, cách thức tổ chức triển khai đề án, thúc đẩy nhận thức, hành vi ứng xử với môi trường, tham gia bảo vệ môi trường thời gian qua đã tạo được một số phong trào trong cộng đồng, trong doanh nghiệp, lôi cuốn, thôi thúc sự tham gia. Đây là những giá trị cơ bản để tiếp tục thực hiện mục tiêu xây dựng thành phố môi trường, hướng đến thành phố sinh thái.', 5, '20;21;17;3', 'Published', 0),
(7, 'Kết thúc giải thi đấu ba môn phối hợp vì môi trường năm 2019', 'Chương trình thi đấu 3 môn phối hợp với gần 400 người tham dự tại bãi biển Hồ Cốc (huyện Xuyên Mộc, Bà Rịa - Vũng Tàu). 3 môn phối hợp thi đấu trong chương trình bao gồm: bơi lội, đạp xe leo núi và chạy bộ địa hình.', 3, 30, 'ket-thuc-thi-dau-3-mon.jpg', '2019-06-04', 'Cuộc thi 3 môn phối hợp Hành trình xanh Le Fruit Triathlon bao gồm 5 nội dung: Sprinter cá nhân và đồng đội (bơi 500m, đạp xe 20km, Chạy bộ 5km), Duathlon (bơi 5km, đạp xe 20km, chạy 5km), Rookie (bơi 100m, đạp xe 4km, chạy bộ 3km) và Aero Kids - dành cho trẻ em (bơi 50m, đạp xe 2km, chạy bộ 1,5km).\r\n\r\nhttps://icdn.dantri.com.vn/thumb_w/640/2019/06/03/bamon-13619-1559571429143.jpg\r\n\r\nCác VĐV có thể lựa chọn nội dung thi đấu phù hợp với bản thân và gia đình. Cung đường đua Le Fruit Triathlon luôn là cơ hội để người tham dự trải nghiệm ba loại hình thể thao như bơi, đạp xe, chạy bộ, tận hưởng không gian thiên nhiên tươi đẹp giữa núi trời và biển, cũng như hành động vì môi trường.\r\n\r\nMột số VĐV chia sẻ rằng phần đạp xe địa hình thật sự là thử thách bản thân đối với họ, nhưng cũng là nội dung thi thú vị nhất. Quãng đường chạy bộ trên dải cát trắng tiến đến vạch đích dưới thời tiết nắng nóng của biển hè cũng hết sức độc đáo.\r\n\r\nCuộc thi năm nay cũng tập trung nhiều hơn đến hướng tới mục tiêu trở thành một chương trình thể thao “Xanh”, ủng hộ những hành động bảo vệ môi trường, nói không với rác thải.\r\n\r\nTất cả các nội dung thi đấu diễn ra và kết thúc trong ngày 1/6 vừa qua. Năm 2019 cũng là năm đánh dấu lần thứ 16 của giải Le Fruit Triathlon.', 14, '14;2;18;22', 'Published', 0),
(8, 'Ai sẽ lên ngôi vô địch UEFA Nations League lần đầu tiên?', 'UEFA Nations League giải đấu mới sẽ xác định được đội vô địch đầu tiên, đó là cuộc cạnh tranh của 4 đội tuyển quốc gia hàng đầu của lục địa già.\r\n', 3, 0, 'spotlight-uefa-vong-ban-ket-logo-onme-ok-640-x-382-1-1559631197581.jpg', '2019-06-04', 'https://icdn.dantri.com.vn/thumb_w/640/2019/06/04/spotlight-uefa-vong-ban-ket-logo-onme-ok-640-x-382-1-1559631197581.jpg\r\n\r\nVà đây cũng là lần đầu tiên đầy hấp dẫn khác, đây có thể là lần đầu tiên ĐT Anh vô địch một chiếc cúp Châu Âu, ĐT Hà Lan sẽ trở lại với chức vô địch đầu tiên của thế hệ cầu thủ Hà Lan mới với khát khao hơn sau nhiều năm thi đấu gây thất vọng.\r\n\r\nBồ Đào Nha cũng sẽ lần đầu tiên vô địch và đây cũng là cơ hội để Ronaldo và các cầu thủ trả món nợ cho các cổ động viên Bồ Đào Nha tại giải Euro 2014 tại chính nơi đây.\r\n\r\nVà chắc chắn Thụy Sĩ nếu vô địch sẽ làm chấn động không chỉ cho bóng đá Châu Âu mà cho cả thế giới.\r\n\r\nĐón xem các trận bán kết, chung kết UEFA Nations League trên kênh Bóng đá TV, Onme, VTVcab ON từ ngày 6 - 10/6/2019', 15, '11;13;6;9', 'Published', 0),
(9, '“Cầu thủ Việt Nam càng ngày càng đĩnh đạc khi đá với Thái Lan”', 'Cựu HLV Nguyễn Thành Vinh cho rằng đội tuyển Việt Nam đúng là không còn chút tâm lý e ngại nào khi đá với Thái Lan. Cũng theo ông Vinh, trình độ của thế hệ cầu thủ trẻ ngày nay đã khác trước rất nhiều, cho dù kết quả của một trận giao hữu không quá quan trọng. ', 3, 0, 'dtvn-thai-25619-1559747762992.jpg', '2019-06-07', 'Cựu HLV Nguyễn Thành Vinh nhận xét về 2 đội Thái Lan và Việt Nam: “Tôi đánh giá đây là trận đấu mà đội tuyển Việt Nam khó khăn hơn Thái Lan, vì họ có lợi thế sân nhà, lại chuẩn bị cho trận đấu này lâu hơn và kỹ hơn chúng ta”.\r\n\r\n“Trong hiệp 1, quả đúng là Thái Lan có nhiều cơ hội hơn, còn hiệp 2 thì chúng ta dần chơi tốt lên. Nhìn toàn cục, họ nhỉnh hơn, nhưng đội tuyển Việt Nam lúc này quá chững chạc khi đá với Thái Lan. Các cầu thủ rất tự tin, đây là sự tiến bộ lớn của bóng đá Việt Nam qua rất nhiều năm” – ông Vinh nói thêm.\r\n\r\nhttps://icdn.dantri.com.vn/thumb_w/640/2019/06/05/hlv-nguyen-thanh-vinh-5619-1559747853551.jpg\r\n\r\nCũng theo cựu HLV Nguyễn Thành Vinh, thế hệ hiện tại của bóng đá Thái Lan không bằng trước đây. Ông Vinh nhận xét: “Thái Lan vẫn là đội mạnh tại Đông Nam Á, nhưng so với trước, đặc biệt là so với thế hệ của Kiatisuk, họ không bằng”.\r\n\r\n“Con người của đội tuyển Thái Lan hiện tại không đồng đều và xuất sắc bằng những con người mà thế hệ Kiatisuk từng sở hữu. Đồng thời, trước đây thì bóng đá Việt Nam cũng không có thể hệ cầu thủ hay như bây giờ, nên Thái Lan giờ khó đá với đội tuyển Việt Nam hơn hẳn trước” – vẫn là lời vị cựu HLV đội tuyển U23 Việt Nam.\r\n\r\nVề những con người cụ thể trên sân, cựu HLV Nguyễn Thành Vinh có nhận xét về tiền vệ Nguyễn Tuấn Anh, một trong những cầu thủ được chú ý nhiều nhất trong trận đấu này.\r\n\r\nhttps://icdn.dantri.com.vn/thumb_w/640/2019/06/05/dtvn-thai-25619-1559747762992.jpg\r\n\r\nÔng Vinh cho biết: “Theo tôi thì Tuấn Anh trong trận này đá được đấy chứ. Cậu ấy thi đấu rất nỗ lực, tiến bộ về cả thể lực lẫn kỹ năng”.\r\n\r\n“Việc HLV Park Hang Seo sử dụng Tuấn Anh trong trận này là quân bài khiến Thái Lan bất ngờ, bởi họ ít có thông tin về Tuấn Anh so với Xuân Trường đang thi đấu tại Thái Lan. Điều quan trọng là Tuấn Anh giúp cho đội tuyển Việt Nam có được thế trận không lép vế trước đội chủ nhà” – ông Vinh nhấn mạnh.\r\n\r\nCòn riêng về bàn thắng của Anh Đức giúp đội tuyển Việt Nam giành chiến thắng trong cuộc trong những phút bù giờ, cựu HLV Nguyễn Thành Vinh cho rằng đây là phần thưởng xứng đáng cho nỗ lực của đội tuyển Việt Nam, cũng như phản ảnh rõ nét chuyện các cầu thủ của chúng ta bây giờ rất tự tin và rất kiên nhẫn trước các cầu thủ Thái.', 16, '6;13;19;24', 'Published', 0),
(10, 'Nga viện trợ 4.000 tấn lúa mì cho Triều Tiên', 'Nga đã gửi khoảng 4.000 tấn lúa mì cho Triều Tiên để giúp nước này ứng phó với tình trạng khó khăn về lương thực do hạn hán. ', 5, 0, 'trieutien-153207647706119607119001558081838214-1559748716254.jpg', '2019-06-04', 'https://icdn.dantri.com.vn/thumb_w/640/2019/06/05/trieutien-153207647706119607119001558081838214-1559748716254.jpg\r\n\r\nĐại sứ quán Nga tại Triều Tiên thông báo 2.895 tấn lúa mì của Nga đã được chuyển tới Triều Tiên vào ngày 4/6. Vài ngày trước đó, Nga cũng đã chuyển 1.100 tấn lúa mì cho Triều Tiên.\r\n\r\nĐại sứ quán Nga cho biết quá trình vận chuyển lúa mì cho Triều Tiên được thực hiện thông qua Chương trình Lương thực Thế giới (WFP). Số lúa mì này sẽ được sử dụng để giúp đỡ cho trẻ em và phụ nữ mang thai tại Triều Tiên.\r\n\r\nĐại sứ quán Nga cho biết Moscow đã cung cấp hàng viện trợ nhân đạo cho Triều Tiên vào tháng 2, tháng 3 và tháng 4 năm nay.\r\n\r\nTruyền thông nhà nước Triều Tiên hồi tháng 5 thừa nhận nước này đang trải qua đợt hạn hán khủng khiếp nhất trong hơn 100 năm qua. Tình trạng hạn hán đã ảnh hưởng nghiêm trọng tới hoạt động trồng trọt của người dân Triều Tiên.\r\n\r\nTheo số liệu thống kê mới nhất, Tổ chức Nông Lương Liên Hợp Quốc và Chương trình Lương thực Thế giới (WFP) ước tính khoảng 10,1 triệu người Triều Tiên, chiếm 40% dân số, đang đối mặt với tình trạng thiếu lương thực.\r\n\r\nBộ Thống nhất Hàn Quốc, cơ quan phụ trách quan hệ liên Triều, hôm nay cho biết Seoul đã phê duyệt kế hoạch viện trợ trị giá 8 triệu USD cho Triều Tiên do lo ngại tình trạng thiếu lương thực đang ngày càng tồi tệ tại quốc gia láng giềng. Đây là lần đầu tiên Hàn Quốc viện trợ cho Triều Tiên kể từ năm 2015.\r\n\r\nHàn Quốc dự kiến viện trợ 4,5 triệu USD cho Chương trình Lương thực Thế giới (WFP) để giúp giải quyết tình trạng suy dinh dưỡng, cùng 3,5 triệu USD cho Quỹ Nhi đồng Liên Hợp Quốc (UNICEF) để hỗ trợ giải quyết vấn đề sức khỏe của trẻ em và phụ nữ mang thai.\r\n\r\nTriều Tiên đã hứng chịu hàng loạt lệnh trừng phạt của Hội đồng Bảo an Liên Hợp Quốc và các lệnh trừng phạt đơn phương của Mỹ từ nhiều năm nay do chương trình hạt nhân và tên lửa gây tranh cãi của nước này.\r\n\r\nCác lệnh trừng phạt không cấm các nước viện trợ nhân đạo cho Triều Tiên, tuy nhiên những quy định nghiêm ngặt về giao dịch ngân hàng cũng như hoạt động xuất khẩu hàng hóa vào Triều Tiên đã trở thành rào cản đối với hoạt động của các nhóm cứu trợ nhân đạo.', 4, '25;16;13;4', 'Published', 0),
(11, 'Hai mục tiêu đối ngoại “thách thức” tân Tổng thống Ukraine', 'Gia nhập EU-NATO và đối thoại với Nga để giải quyết tình hình ở miền đông Ukraine là 2 mục tiêu đầy thách thức hiện nay của Tổng thống Zelensky. ', 5, 0, '1-1559740207880.jpg', '2019-06-05', 'https://icdn.dantri.com.vn/thumb_w/640/2019/06/05/1-1559740207880.jpg\r\n\r\nTổng thống Ukraine Volodymyr Zelensky hôm qua (4/6) khẳng định theo đuổi mục tiêu nước này gia nhập Liên minh châu Âu (EU) và Tổ chức Hiệp ước Bắc Đại Tây Dương (NATO), đồng thời cho biết ông sẵn sàng đàm phán với Nga để chấm dứt tình trạng xung đột ở miền Đông Ukraine. Lên nắm quyền với số phiếu bầu cao kỉ lục hơn 70% trong cuộc bầu cử Tổng thống, nhưng  với 2 mục tiêu đối ngoại ưu tiên đặt ra của vị tân Tổng thống được đánh giá là khó thực hiện hóa trong tương lai gần.\r\n\r\nPhát biểu họp báo cùng Tổng thư ký NATO Jens Stoltenberg tại trụ sở NATO ở Brussels, Bỉ hôm 4/6, Tổng thống Ukraine Zelensky  khẳng định cam kết của đất nước để đạt được tư cách thành viên đầy đủ trong EU và NATO. Đây là ưu tiên trong chính sách đối ngoại của Ukraine. Trước nguyện vọng của Ukraine, Tổng thư kí NATO Jens Stoltenberg bày tỏ tôn trọng con đường lựa chọn của Ukraine:\r\n\r\n“Một đất nước có quyền quyết định khi nào họ sẵn sàng trở thành thành viên của NATO. Không nước nào khác có quyền can thiệp hay bỏ phiếu phủ quyết cho tiến trình như vậy, bởi vì đây là một quyết định của quốc gia có chủ quyền, lựa chọn con đường của mình và chúng tôi tôn trọng quyết định đó của Ukraine”\r\n\r\nUkraine nộp đơn xin gia nhập NATO vào năm 2008 nhưng tiến trình vẫn đang bị đình trệ, bất chấp Tổng thống tiền nhiệm Poroshenko thúc đẩy mục tiêu này. Tới nay, cả EU và NATO đều tuyên bố rằng còn quá sớm để nói về việc Ukraine gia nhập, cho tới khi nước này đáp ứng các tiêu chuẩn cần thiết và tiến trình vốn có thể mất nhiều năm. Khủng hoảng kinh tế và bất ổn xã hội thời gian qua đã khiến tiến độ cải cách của Ukraine không như mong đợi. Trong bối cảnh EU đang đau đầu vì Brexit, khối này cũng chưa muốn đẩy nhanh tiến trình kết nạp một thành viên “nhiều vấn đề” như Ukraine.  Còn đối với NATO, việc kết nạp Ukraine cũng là một lựa chọn khó khăn, vì bản thân NATO cũng không muốn gia tăng xung đột với Nga, với việc nhiều lần Nga đã lên tiếng phản đối bước đi này của Ukraine.\r\n\r\nTrong bài phát biểu ngày 4/6, Tổng thống Ukraine Zelensky cũng thừa nhận, nước này cần phải thúc đẩy an ninh và mức sống của người dân theo tiêu chuẩn châu Âu. Và để đảm bảo được điều đó thì Ukraine cần phải có an ninh và nước này sẵn sàng đối thoại với Nga để thúc đẩy  hòa bình tại miền Đông. Ông Zelensky khẳng định:\r\n\r\n“Mục tiêu trong các cải cách của Ukraine đó là cải thiện mức sống của người dân Ukraine, xóa bỏ tham nhũng và hiện đại hóa đất nước. Điều này chỉ có thể thực hiện được với việc đảm bảo an ninh quốc gia. Chúng tôi sẵn sàng đàm phán với Nga. Chúng tôi sẵn sàng thực hiện thỏa thuận Minsk. Tuy nhiên chúng tôi trước tiên cần bảo vệ mình và giúp đất nước mạnh mẽ hơn”\r\n\r\nMục tiêu đối thoại với Nga để đạt được hòa bình cũng sẽ vấp phải thách thức khi Tổng thống Zelensky vừa mới lên nắm quyền, hai quốc gia đã có những bước đi căng thẳng. Tân Tổng thống Ukraine đã có những tuyên bố và lập trường cứng rắn với điều kiện đưa ra để đối thoại với Nga là trao trả lãnh thổ hay tù binh. Trong khi đó, Tổng thống Nga Vladimir Putin vẫn chưa chúc mừng chiến thắng của ông Zelensky và khẳng định sẽ chỉ làm như vậy sau khi cuộc xung đột tại Donbass được giải quyết và mối quan hệ giữa hai quốc gia láng giềng được bình thường hóa.\r\n\r\nMặc dù vậy vẫn có khả năng diễn ra đối thoại giữa hai quốc gia láng giềng này khi Thư kí báo chí Điện Kremlin cho rằng, cuộc gặp giữa hai nhà lãnh đạo có thể diễn ra như một phần trong khuôn khổ Đối thoại Normandy. Nga nhiều lần khẳng định không phải là một bên trong cuộc xung đột tại miền Đông, nhưng nước này sẵn sàng hợp tác để tìm ra giải pháp cùng với Đức, Pháp và Ukraine. Tuy nhiên, kể cả khi cuộc gặp giữa hai nhà lãnh đạo Nga và Ukraine diễn ra thì với hàng loạt bất đồng đang còn tồn tại, trong đó có cả tuyên bố hướng đến gia nhập NATO trước khi bắt đầu đàm phán với Nga cũng sẽ là một trở ngại lớn trên con đường cải thiện giữa hai quốc gia láng giềng này.', 5, '11;13;5;1', 'Published', 0),
(12, 'Venezuela bị tịch thu 20 tấn vàng giữa lúc khủng hoảng', 'Ngân hàng Đức đã tịch thu 20 tấn vàng thuộc sở hữu của Venezuela trong bối cảnh quốc gia Nam Mỹ đang đối mặt với cuộc khủng hoảng kinh tế, chính trị nghiêm trọng.', 5, 0, 'venezuela-1559743330579.jpg', '2019-06-07', 'https://icdn.dantri.com.vn/thumb_w/640/2019/06/05/venezuela-1559743330579.jpg\r\n\r\nHãng tin Bloomberg dẫn một số nguồn tin cho biết ngân hàng Deutsche Bank AG (Đức) đã tịch thu 20 tấn vàng của Venezuela và đang sử dụng chúng làm tài sản thế chấp sau khi Caracas không thể thanh toán theo thỏa thuận trao đổi vàng song phương trị giá 750 triệu USD.\r\n\r\nTrước đó, ngân hàng Deutsch Bank đã cho Venezuela vay tiền mặt theo thỏa thuận tài chính năm 2016 và thỏa thuận này dự kiến hết hạn vào năm 2021.\r\n\r\nCác nguồn tin cho biết ngân hàng của Đức đã quyết định chấm dứt hợp đồng sau khi Venezuela không thanh toán các khoản vay hồi đầu năm nay.\r\n\r\nThông tin trên được đưa ra trong bối cảnh một phát ngôn viên của thủ lĩnh đối lập Venezuela Juan Guaido được cho là đã để ngỏ khả năng sẵn sàng tiến hành các cuộc đàm phán giữa Deutsch Bank với phe đối lập Venezuela. Các cuộc đàm phán này có thể cho phép chuyển 120 triệu USD vào một tài khoản nằm ngoài khả năng tiếp cận của đương kim Tổng thống Nicolas Maduro.\r\n\r\nJose Ignacio Hernandez, luật sư của thủ lĩnh đối lập Juan Guaido tại Mỹ, cảnh báo ngân hàng Deutsch Bank không nên đàm phán với các nhà chức trách “bất hợp pháp” của Ngân hàng Trung ương Venezuela.\r\n\r\nNgân hàng Trung ương Venezuela được cho là đã bán 15 tấn vàng trị giá 570 triệu USD từ kho dự trữ hồi tháng 5. Động thái này nhằm giúp Venezuela vượt qua các lệnh trừng phạt của Mỹ, nhưng cũng làm giảm dự trữ vàng của Venezuela xuống mức thấp nhất trong vòng 29 năm. Số vàng còn lại ước tính trị giá khoảng 7,9 tỷ USD.\r\n\r\nTừ tháng 1, Bộ Tài chính Mỹ đã áp lệnh trừng phạt với các công ty nhà nước của Venezuela, gây thiệt hại lên tới 100 tỷ USD. Các biện pháp trừng phạt của Washington nhắm tới mục tiêu đóng băng tài sản và ngăn chặn các giao dịch của chính quyền Maduro.\r\n\r\nHồi tháng 2, Tổng thống Maduro cho biết “khoảng 80 tấn” vàng của Venezuela có thể bị đóng băng tại Ngân hàng Anh. Ngân hàng Anh không cho phép chính quyền Venezuela rút số vàng trị giá 1,2 tỷ USD do nước này gửi trước đó theo yêu cầu của Tổng thống Maduro.', 6, '2;17;21;16', 'Published', 0),
(13, 'CEO Đặng Xuân Lộc: Thành công từ lòng hiếu thảo và “dám” thử thách bản thân', 'CEO Đặng Xuân Lộc – Một trong 50 nhà khởi nghiệp xuất sắc nhất về công nghệ năm 2017 vinh dự được chương trình \"Cafe khởi nghiệp\" do HTV thực hiện mời lên chia sẻ về bí quyết thành công của người mới khởi nghiệp.', 6, 0, 'final-dantri-dang-xuan-loc-1-docx-1559725395506.jpg', '2019-06-14', 'Hiện tại, Đặng Xuân Lộc hiện đang là nhà đồng sáng lập thương hiệu Đông Y Vũ Đức. Có được thành công như hiện tại không thể không nhắc đến câu chuyện lòng hiếu thảo của người con, nhiều năm trèo đèo lội suối tìm thuốc chữa bệnh cho mẹ.\r\n\r\nĐặng Xuân Lộc sinh ra và lớn lên tại miền quê thuộc tỉnh Ninh Bình. Ngay từ khi còn ngồi trên ghế nhà trường phổ thông, rồi giảng đường đại học và ra trường đi làm, chàng trai quê nhỏ bé ấy đã cố gắng học tập, làm việc không ngừng nghỉ. Thành công ngày hôm nay có được đều bắt nguồn từ lòng hiếu thảo của người con trai dành cho mẹ của mình và những nỗ lực, dám nghĩ dám làm.\r\n\r\nhttps://icdn.dantri.com.vn/thumb_w/640/2019/06/05/final-dantri-dang-xuan-loc-1-docx-1559725394452.png\r\n\r\nCEO Đặng Xuân Lộc kể mẹ anh bị bệnh trĩ và viêm họng hạc hơn 20 năm. “Hễ cứ nghe ở đâu có thuốc tốt dù xa đến mấy anh cũng phải tìm đến cho bằng được. Nhìn mẹ trải qua biết bao lần đau đớn khiến anh chỉ mong muốn tìm được thầy, được thuốc giúp mẹ có thể sớm thoát khỏi sự hành hạ của bệnh tật”. Nhưng, từng ấy thời gian cũng là biết bao lần hy vọng rồi lại thất vọng. Nhưng, anh chưa một lần nghĩ sẽ cho phép bản thân dừng lại.\r\n\r\nMiệt mài, trèo đèo lội suối có những lần tưởng chết hụt, cuối cùng trời cũng không phụ lòng người con hiếu thảo. Nhưng, cơ duyên đặc biệt đó là bài thuốc giúp mẹ anh chữa khỏi bệnh hóa ra lại không ở đâu xa. Bao năm mải miết đi khắp các vùng, miền đất nước tìm thuốc cho mẹ, một lần anh được mách đến một vị lương y lâu năm ngay tại quê hương mình. Anh tự ngẫm, đó thực sự là cơ duyên. Và, chính bài thuốc gia truyền ấy đã giúp trị dứt điểm căn bệnh cho mẹ anh. Đó thực sự là một kì tích.\r\n\r\nhttps://icdn.dantri.com.vn/thumb_w/640/2019/06/05/final-dantri-dang-xuan-loc-1-docx-1559725395328.jpeg\r\n\r\nTrên hành trình khởi nghiệp của mình, trải qua rất nhiều công việc: mở trung tâm dạy tiếng Anh, phát triển công cụ hỗ trợ kinh doanh trực tuyến, dạy về marketting và viết nội dung trên mạng xã hội… Đặng Xuân Lộc còn rất chăm chỉ với công việc thiện nguyện. Trong những lần cùng các đoàn thiện nguyện đến thăm những hoàn cảnh khó khăn, anh luôn đau đáu làm sao để giúp họ, đặc biệt là các em nhỏ có thể thoát khỏi cảnh nghèo.\r\n\r\nTừ chính những năm tháng đi tìm thuốc chữa bệnh cho mẹ, anh luôn nghĩ không gì quý giá hơn là trao cho họ món quà về sức khỏe. Đó là lý do, anh quyết định thành lập thương hiệu đông y Vũ Đức với các sản phẩm chiết xuất hoàn toàn từ thảo dược. Không dừng lại ở đó, Đông y Vũ Đức còn tạo việc làm và thu nhập ổn định cho hàng trăm người trên khắp cả nước qua việc đào tạo bán hàng online.\r\n\r\nhttps://icdn.dantri.com.vn/thumb_w/640/2019/06/05/final-dantri-dang-xuan-loc-1-docx-1559725395506.jpeg\r\n\r\nĐặng Xuân Lộc với lòng quyết tâm, sự tâm huyết đã và đang viết tiếp hành trình thành công của mình. Và, điều đáng trân quý hơn, anh luôn tâm niệm nếu trong cuộc sống chữ hiếu luôn được đặt lên hàng đầu, thì trong công việc chữ tâm chính là kim chỉ nan.', 11, '13;11;12;17', 'Published', 0),
(14, 'Ngỡ ngàng với biệt thự triệu đô từng là... chuồng gia súc cũ nát', 'Biến một chuồng gia súc thành biệt thự triệu đô! Điều tưởng như không thể này lại được chuyên gia Rob Lond-Caulk hiện thực hóa với một thành quả mỹ mãn đến khó tin.', 6, 0, 'kientruc-3-1558351775364.jpg', '2019-06-05', 'https://icdn.dantri.com.vn/thumb_w/640/2019/05/20/ezgifcomgifmaker-1-1558351784361.gif\r\n\r\nTòa biệt thự mới mang tên “Old Grain Store” có cấu trúc gồm 4 phòng ngủ, 5 phòng tắm, 3 phòng tiếp khách, 1 phòng giải trí. Đương nhiên, công trình còn được tích hợp hàng loạt các tiện nghi xứng tầm với một không gian sống triệu đô.\r\n\r\nhttps://icdn.dantri.com.vn/thumb_w/640/2019/05/20/kientruc-3-1558351775364.jpg\r\n\r\nTừ một nhà kho cũ kỹ, công trình giờ đã khoác lên mình vẻ ngoài sang chảnh, tinh tế và hợp thời. Chất liệu gỗ được sử dụng một cách tối đa cho phần ngoại thất để phù hợp với một biệt thự nghỉ dưỡng chốn thôn quê.\r\n\r\nhttps://icdn.dantri.com.vn/thumb_w/640/2019/05/20/kientruc-4-1558351775307.jpg\r\n\r\nBên cạnh ngôi nhà chính được xây dựng trên nền của phần chuồng trại cũ, Rob Lond-Caulk cũng cho xây thêm một gara để xe đồng bộ về phong cách thiết kế.\r\n\r\nhttps://icdn.dantri.com.vn/thumb_w/640/2019/05/20/kientruc-19-1558351775385.jpg\r\n\r\nKhông gian nội thất sử dụng gam màu trắng làm chủ đạo nhằm tạo ra vẻ đẹp thanh lịch hiện đại, đồng thời giúp nới rộng diện tích sống về mặt thị giác. Ngoài ra, các chất liệu tự nhiên như đá, gỗ cũng xuất hiện khá thường xuyên ở các gian phòng, để tạo ra mạch liên kết với ngoại thất cũng như cảnh quan, đồng thời mang đến cảm giác thư giãn, an nhiên cho gia chủ.\r\n\r\nhttps://icdn.dantri.com.vn/thumb_w/640/2019/05/20/kientruc-5-1558351774936.jpg', 12, '8;6;7;13', 'Published', 1),
(15, 'Bí quyết chủ động chọn hạnh phúc', 'Trong cuộc sống, hầu hết chúng ta đều phải đối mặt với những áp lực và rủi ro mỗi ngày. Bởi thế cho nên hãy cố gắng tận hưởng hiện tại và vun đắp cho tương lai, dù cuộc sống có thế nào đi nữa.', 6, 0, 'advertorial-aviva-chon-an-vui-dan-tri-fina-ldocx-1559561311204.jpg', '2019-06-04', 'Khi còn cô đơn, chúng ta thường tự nhủ cuộc sống sẽ tốt đẹp hơn sau khi chúng ta có gia đình, sinh con. Rồi thời gian con còn nhỏ đầy vất vả, ta tự nhủ rằng mọi chuyện sẽ tốt đẹp khi chúng lớn khôn. Sau đó chúng ta lại cho rằng cuộc sống sẽ mỹ mãn khi bọn trẻ trưởng thành, khi gia đình mua được một chiếc ô tô mơ ước, khi có được một nhà vườn ở ngoại ô lúc về hưu...\r\n\r\nhttps://icdn.dantri.com.vn/thumb_w/640/2019/06/03/advertorial-aviva-chon-an-vui-dan-tri-fina-ldocx-1559561311204.jpeg\r\n\r\nCông thức nào cho niềm vui?\r\n\r\nThực tế là, không có thời gian nào là tốt hơn để hạnh phúc bằng giây phút hiện tại! Nếu tương lai chính là đích đến và bạn cần chèo lái con thuyền gia đình về đến đích an toàn, thì hiện tại chính là phong cảnh trên đường đi để bạn tận hưởng. Bí quyết riêng là tùy vào hoàn cảnh của mỗi người.\r\n\r\nChị Vũ Minh An (phố Nguyễn Đình Thi, Hà Nội) tâm sự: “Những niềm vui nho nhỏ luôn có khả năng nuôi dưỡng tinh thần lớn lao. Khi lịch làm việc quá bận rộn, tôi sẽ dành ra một khoảng thời gian nhất định trong tuần, thay vì mỗi ngày, để chỉ làm điều tôi thích. Đây là cách để tôi tận hưởng hiện tại và giữ gìn sức khỏe tinh thần của mình lâu dài trong tương lai”.\r\n\r\nTrong khi đó, chị Nguyễn Hoàng Anh (khu đô thị Royal City, Hà Nội) lại chia sẻ: “Tôi đã có 5 năm đại học và tiếp sau đó là 5 năm làm việc điên cuồng, không có một ngày đi du lịch, bỏ quên cả bản thân. Rồi đến lúc, tinh thần tôi suy sụp nghiêm trọng. Tôi nhận ra rằng, mọi điều trong hiện tại như các mối quan hệ, gia đình, sức khỏe hay đời sống tinh thần... mới là thứ tài sản để dành thực sự cho tương lai”.\r\n\r\nCũng đồng cảm với quan điểm tận hưởng hiện tại và cho tương lai chính là bí quyết hạnh phúc, anh Minh Hiếu (phố Phó Đức Chính, Hà Nội) thẳng thắn bày tỏ: “Tôi tin rằng hạnh phúc xuất phát từ sự hữu ích. Hãy mua những gì hữu ích cho cuộc sống hàng ngày, chứ không phải để dành. Hãy đi nghỉ để phục hồi năng lượng, chứ không chạy theo mốt. Và hãy đầu tư tài chính vào những hạng mục thực sự hữu ích cho tương lai”. \r\n\r\nHãy chọn một cách chủ động\r\n\r\nCuộc đời dĩ nhiên không phải là một giấc mơ màu hồng và có thể sẽ có nhiều biến cố đe dọa khả năng tài chính của bạn. Nếu bạn đã có những quyết định tài chính thông minh ở những năm 20, 30 tuổi thì bạn vừa có thể an tâm tận hưởng hiện tại, lại có khả năng nếm những trái ngọt trong tương lai.\r\n\r\nAnh Lê Minh Hiếu tỏ ý đồng tình khi cho rằng nên có kế hoạch đầu tư tài chính. “Bạn cần lên kế hoạch tài chính dài hạn. Lý tưởng nhất thì bạn nên tham gia bảo hiểm nhân thọ khi còn trẻ, vì chăm sóc sức khỏe dài hạn phức tạp hơn bạn tưởng rất nhiều. Bên cạnh đầu tư tài chính dài hạn, cũng phải có những kế hoạch tiết kiệm thì mới là có trách nhiệm với tương lai,” anh Hiếu chia sẻ.\r\n\r\nNhư vậy, liệu có kế hoạch tài chính nào kết hợp tối ưu giữa bảo vệ dài hạn và tiết kiệm, giúp chúng ta chủ động chọn cuộc sống an vui hay không? Câu trả lời là Có.\r\n\r\nhttps://icdn.dantri.com.vn/thumb_w/640/2019/06/03/advertorial-aviva-chon-an-vui-dan-tri-fina-ldocx-1559561311317.jpeg\r\n\r\n“Tôi mới được bạn bè giới thiệu sản phẩm bảo hiểm “Aviva - Chọn An Vui” với các gói bảo hiểm phù hợp với từng giai đoạn của cuộc đời như lập nghiệp, chăm sóc con cái, hưu trí… với mức phí hợp lý và kế hoạch đóng phí linh hoạt. Nhờ đó, tôi có thể chủ động lựa chọn kế hoạch bảo vệ an toàn về tài chính cho bản thân và gia đình trước những biến động của cuộc sống,” anh Dương Huy (Khu đô thị The Manor, Hà Nội) chia sẻ.\r\n\r\nĐược biết, với sản phẩm bảo hiểm mới của Aviva, khách hàng sẽ được chi trả đến 300% số tiền bảo hiểm khi gặp rủi ro do tai nạn hoặc bệnh hiểm nghèo giai đoạn sau nếu tham gia sản phẩm bảo hiểm bổ sung. Ngoài ra, quyền lợi duy trì hợp đồng hấp dẫn giúp gia tăng khoản tích lũy của hợp đồng, cùng sự linh hoạt trong thời gian đóng phí và kế hoạch bảo vệ đa dạng của sản phẩm sẽ giúp người tham gia bảo hiểm tự tin với sự lựa chọn của mình.\r\n\r\nBên cạnh những đặc tính bảo vệ toàn diện, “Aviva - Chọn An Vui” còn đáp ứng tốt những nhu cầu tiết kiệm sinh lợi cho khách hàng. Với lãi suất được công khai, người tham gia bảo hiểm có thể chủ động theo dõi giá trị tài khoản hợp đồng thay đổi theo từng năm, từ đó an tâm với kế hoạch tài chính và bảo vệ toàn diện đã chọn. Vì thế, “Aviva - Chọn An Vui” có thể được xem là giải pháp tài chính hiệu quả giúp chúng ta thực hiện những kế hoạch lâu dài như đầu tư học tập cho con yêu, tạo dựng tài sản bền vững, hay chăm lo cho cha mẹ ở tuổi xế chiều.', 13, '11;15;16;1', 'Published', 0),
(16, 'Tuyển sinh lớp 10 Phú Yên: Không có trường hợp nào vi phạm quy chế', 'Đến chiều ngày 5/6, hơn 12.000 thí sinh ở Phú Yên kết thúc kỳ thi tuyển sinh vào lớp 10. Đề thi năm nay được đánh giá là hay, bám sát chương trình học. ', 7, 0, 'ts-1-1559736599168.jpg', '2019-06-10', 'Đề thi các môn bám sát chương trình học\r\n\r\nTheo đánh giá của các thầy cô giáo và thí sinh ở Phú Yên, đề thi các môn ở kỳ thi tuyển sinh vào lớp 10 (2019 - 2020) năm nay không quá khó, phần lớn kiến thức nằm trong chương trình học lớp 9, nhưng vẫn có tính phân hóa thí sinh.\r\n\r\nhttps://icdn.dantri.com.vn/thumb_w/640/2019/06/05/ts-1-1559736599168.jpg\r\n\r\nNói về đề thi môn Văn, thầy Huỳnh Thúc Tiến, Hiệu trưởng Trường THCS Trần Quốc Toản (TP Tuy Hòa) đánh giá: Đề thi Ngữ văn bám sát chương trình học, nhưng vẫn có sự phân hóa thí sinh. Câu đọc hiểu và nghị luận xã hội về chủ đề: “Lời khen như tia nắng mặt trời” rất hay, gần gũi với đời sống; là cơ hội để học sinh bày tỏ quan điểm về tác dụng tích cực của lời khen đúng cách.\r\n\r\nCòn bài thơ “Nói với con” của nhà thơ Y Phương là một trong những bài trọng tâm của chương trình lớp 9 nên cũng sẽ không gây khó cho học sinh. Chỉ có câu lệnh cụ thể hơn là phân tích lời người cha nói với con chứ không phải là phân tích đoạn thơ, học sinh nào chú ý sẽ thấy rõ định hướng đề. Với đề thi này, học sinh nếu ôn tập bài bản không khó để kiếm được điểm trung bình, còn để đạt điểm cao đòi hỏi các em phải có tư duy, kiến thức và kỹ năng viết tốt.\r\n\r\nhttps://icdn.dantri.com.vn/thumb_w/640/2019/06/05/ts-2-1559736599050.jpg\r\n\r\nĐối với đề thi môn Toán, các thầy cô giáo nhận định thí sinh rất khó kiếm được điểm 9, 10.\r\n\r\n“Đề thi Toán năm nay toàn diện, hay, có tính phân hóa, chọn lọc học sinh. Cấu trúc đề thi như Sở GD&ĐT đã hướng dẫn, bám sát chuẩn kiến thức, kỹ năng chương trình THCS hiện hành, chủ yếu ở lớp 9. Nhìn chung, phổ điểm Toán với đề thi năm nay đúng với trình độ học lực của học sinh” theo thầy Đặng Quang Ánh, Tổ trưởng Tổ Toán, Trường THCS Hùng Vương nhận định.\r\n\r\nĐối với đề thi môn Tiếng Anh, kết thúc buổi thi các thí sinh hầu hết đều cho biết mình làm được 7 - 8 điểm.\r\n\r\nEm Nguyễn Hạnh Nguyên, điểm thi THPT Nguyễn Trãi chia sẻ: “Đề thi môn Anh nhìn chung là không khó, nếu có kiến thức Tiếng Anh vững, các thí sinh có thể dễ dàng kiếm được điểm 8”\r\n\r\nKhông có trường hợp nào vi phạm quy chế thi\r\n\r\nhttps://icdn.dantri.com.vn/thumb_w/640/2019/06/05/ts-3-1559736599071.jpg\r\n\r\nTheo Phòng Khảo thí và kiểm định chất lượng giáo dục (Sở GD&ÐT Phú Yên), kết thúc hai ngày thi, không ghi nhận trường hợp nào vi phạm quy chế thi. Các điểm thi đảm bảo an ninh trật tự, an toàn giao thông.\r\n\r\nCũng theo Phòng này, trong hai ngày diễn ra kỳ thi có hàng trăm lượt thí sinh bỏ thi, cụ thể môn Văn có 308 thí sinh, môn Toán có 322 thí sinh, môn Tiếng Anh có 173 thí và các môn thi trường chuyên THPT Lương Văn Chánh là 2 thí sinh.', 17, '13;15;16;9', 'Published', 1);
INSERT INTO `news` (`news_id`, `Title`, `Summary`, `Writer_ID`, `Views`, `Thumbnail_image`, `Date`, `Content`, `Subcat_ID`, `Tag_ID`, `Status`, `Premium`) VALUES
(17, 'Đội xe ôm tình nguyện hỗ trợ học trò vùng cao đi thi', 'Ngoài việc đưa đón các em từ bến xe về địa điểm thi, các thành viên Đội xe ôm tình nguyện Huyện đoàn Tương Dương (Nghệ An) còn hỗ trợ thí sinh tìm chỗ trọ, quán ăn giá rẻ gần địa điểm thi. ', 7, 0, 'xe-om-2-1559716592639.jpg', '2019-06-06', 'https://icdn.dantri.com.vn/thumb_w/640/2019/06/05/xe-om-2-1559716592639.jpg\r\n\r\nNgày 6/6, kỳ thi tuyển sinh lớp 10 THPT năm 2019-2020 tại Nghệ An chính thức diễn ra. Công tác tình nguyện, hỗ trợ các thí sinh được các đơn vị Đoàn thanh niên khiển khai cách đây 1 tuần. Tại huyện Tương Dương, do đặc thù địa hình miền núi, đường đi lại khó khăn, các xã trải rộng nên việc đi lại của các thí sinh hết sức khó khăn, trong khi đó, toàn huyện chỉ có 2 điểm thi đóng tại trung tâm huyện.\r\n\r\nAnh Lô Giáp - Bí thư Huyện đoàn Tương Dương cho biết: “Huyện Tương Dương là huyện đặc thù, có nhiều xã cách trung tâm huyện hơn 50 cây số, đường núi quanh co khó đi, một số địa bàn vùng sâu, vùng xa, vùng lòng hồ, các em phải vượt chặng đường dài mới có thể ra thị trấn tham dự kỳ thi. Nhiều phụ huynh cũng chưa thực sự quan tâm đến việc học hành, thi cử của con em mình. Bởi vậy, mùa thi tuyển sinh lớp 10 năm ngoái, nhiều em không có mặt ở địa điểm thi đã đăng ký thi”.\r\n\r\nRút kinh nghiệm từ các năm trước, năm nay, Huyện đoàn Tương Dương tổ chức các đội tình nguyện với sự tham gia của Đoàn Thanh niên các xã và các đội xe ôm miễn phí để hỗ trợ thí sinh. Đã có 7 xã vùng sâu, vùng xa của huyện liên hệ với Huyện đoàn để phối hợp tổ chức đưa đón thí sinh đi thi.\r\n\r\nhttps://icdn.dantri.com.vn/thumb_w/640/2019/06/05/xe-om-1559716592510.jpg\r\n\r\nVới các em ở xa, bố mẹ không thể đưa đi thi, Đoàn xã, cụ thể là Bí thư có trách nhiệm tổ chức đưa các em từ nhà đến thị trấn. Khi các em tới địa điểm thi, Đội xe ôm tình nguyện của Huyện đoàn sẽ đưa đón, tìm chỗ trọ giá rẻ, chỗ ăn uống đảm bảo an toàn vệ sinh, tạo điều kiện thuận lợi nhất cho các em. Ngoài ra, Huyện đoàn Tương Dương cũng đã vận động sự đóng góp từ các mạnh thường quân, các tổ chức chính trị xã hội hỗ trợ nhiều suất cơm miễn phí cho các em học sinh nghèo, ở xa trong suốt thời gian diễn ra kỳ thi.\r\n\r\nĐội xe ôm miễn phí có 24 thành viên, được chia thành 2 tổ, túc trực tại cổng trường THPT Tương Dương 1 và THPT Tương Dương 2 - hai địa điểm thi.\r\n\r\n“Sáng 4/6, các em học sinh xã Hữu Khuông đã vượt lòng hồ Bản Vẽ, bắt ô tô xuống thị trấn. Tuy nhiên, xe khách chỉ đưa các em đến khu vực cầu Rào - cách thị trấn 7 km. Đội xe ôm tình nguyện ngay lập tức từ thị trấn lên, đón các em xuống địa điểm thi, không để các em phải chờ đợi trong điều kiện thời tiết nắng nóng của “chảo lửa Đông Dương”, tránh ảnh hưởng đến sức khỏe của các em”, anh Lô Giáp cho biết thêm.\r\n\r\nSáng 5/6, nhiều học sinh ở các xã vẫn tiếp tục về thị trấn để kịp làm thủ tục dự thi vào chiều cùng ngày. Buổi sáng, trời bỗng đổ mưa tầm tã, gây khó khăn không nhỏ cho công tác đón, chở các em đến địa điểm thi. Tuy nhiên, khó khăn của thời tiết không ngăn nổi những trái tim nhiệt huyết tuổi trẻ của các đoàn viên thanh niên huyện miền núi này.\r\n\r\nhttps://icdn.dantri.com.vn/thumb_w/640/2019/06/05/xe-om-don-thi-sinh-1559716592621.jpg\r\n\r\nNgười ướt nhẹp, tiếng khản đặc vì ngấm nước mưa nên bị cảm nhưng Lô Thị Lan (Phó Bí thư Đoàn thị trấn Hòa Bình, thành viên Đội xe ôm tình nguyện) vẫn chạy như con thoi để kịp chở hết các em đến điểm thi trước giờ làm thủ tục. Công việc của Lan và các thành viên bắt đầu từ 5h30 sáng, kết thúc lúc gần 12h trưa; buổi chiều, bắt đầu từ 13h30, kết thúc vào lúc 17h.\r\n\r\n“Hôm qua 4/6 trời nắng gay gắt, hôm nay trời mưa tầm tã, nhiều anh em trong đội ướt nhẹp nhưng chỉ lo các em bị ướt, ảnh hưởng đến sức khỏe. Nhiều em từ các xã vùng sâu như Nhôn Mai, Mai Sơn lần đầu tiên ra thị trấn đi thi, có em chưa kịp sắm bút, thước, thậm chí không có cả dép, các thành viên của Đội xe ôm tình nguyện sẵn sàng hỗ trợ, chở các em đi mua”, Lô Thị Lan chia sẻ.\r\n\r\nTheo thống kê của Huyện đoàn Tương Dương, tính đến thời điểm ngày 5/6, các thành viên Đội xe ôm miễn phí đã hỗ trợ đưa đón gần 450 thí sinh/tổng số hơn 700 thí sinh dự thi tuyển sinh vào lớp 10 trên địa bàn.', 18, '13;15;14;17', 'Published', 0),
(18, 'Nghị lực của nữ sinh vùng khó', 'Nhà nghèo, bố mất sớm, mẹ lại thường xuyên ốm đau song em Hoàng Thị Thu, học sinh lớp 8 Trường THCS Nam Mẫu (Ba Bể, Bắc Kạn) lại có một nghị lực đáng nể phục khi nỗ lực vươn lên trong học tập và cuộc sống, trở thành tấm gương nghèo vượt khó cho bạn bè noi theo trong tất cả các hoạt động của lớp, trường. ', 7, 0, 'em-hoang-thi-thu-1559608654578.jpg', '2019-06-13', 'Tuổi thơ không may mắn\r\n\r\nHoàng Thị Thu sinh ra và lớn lên tại thôn Nặm Dài trong một gia đình dân tộc Mông có 4 anh em. Tuổi thơ của em không được may mắn như bao bạn bè cùng trang lứa. Bố mất sớm, chị gái đi lấy chồng chỉ còn mẹ với người anh trai bị bệnh hiểm nghèo. Cuộc sống gia đình khó khăn chủ yếu dựa vào nương rẫy, mẹ Thu quanh năm vất vả lam lũ để lo cho cuộc sống của cả gia đình.\r\n\r\nDo hoàn cảnh khó khăn, ngoài giờ học trên lớp, Thu giúp đỡ mẹ làm nương, làm việc nhà. Vất vả là vậy nhưng luôn có nghị lực để vươn lên, nhất là trong học tập.\r\n\r\nhttps://icdn.dantri.com.vn/thumb_w/640/2019/06/04/em-hoang-thi-thu-1559608654578.jpg\r\n\r\nChia sẻ về những cố gắng trong cuộc sống và học tập, Thu bộc bạch: “Nhà em cách trường 13km nên em ở bán trú trong trường, cuối tuần em mới về nhà phụ giúp gia đình.\r\n\r\nỞ trường, hầu hết thời gian em tập trung vào học tập thật tốt và tham gia tích cực các hoạt động, phong trào, tham gia công tác Đội. Khi tham gia các phong trào và tham gia công tác Đội, em thấy mình được tiếp xúc với nhiều bạn bè, thầy cô và học hỏi được nhiều điều, em cũng cảm thấy mình tự tin, có thêm nhiều kiến thức, kỹ năng hơn và nghị lực trong cuộc sống”.\r\n\r\nThầy giáo Phạm Anh Mạnh, giáo viên chủ nhiệm lớp cho biết: Thu là một em học sinh ngoan, chăm chỉ đi học đầy đủ, tích cực tham gia các hoạt động của nhà trường và luôn giúp đỡ các bạn khác.\r\n\r\nDù xuất thân từ một gia đình có hoàn cảnh khó khăn nhưng Thu là học sinh giàu nghị lực, biết vượt qua mọi khó khăn để vươn lên trong học tập.\r\n\r\nƯớc mơ trở thành bác sĩ\r\n\r\nThấu hiểu hoàn cảnh gia đình, Thu luôn có ý thức giữ gìn từng cuốn sách mà em được mượn từ thư viện nhà trường. Vở thì em chắt chiu từng quyển từ việc nhận giải thưởng học sinh giỏi cuối năm.\r\n\r\nThu cho biết: “Em phải cố gắng học để không phụ lòng các thầy cô giáo và sự quan tâm của nhà trường đối với em, tạo mọi điều kiện tốt nhất giúp em được cắp sách đến trường, học lên trung học cơ sở. Em luôn thầm cám ơn thầy cô giáo, nhà trường, chính quyền địa phương đã tạo điều kiện tốt nhất cho em, giúp em có thêm động lực để vươn lên trong học tập”.\r\n\r\nThu còn một động lực lớn hơn giúp em học tập tốt đó là mơ ước của bản thân, để thực hiện mơ ước đó thì em phải nỗ lực học tập.\r\n\r\nNói về ước mơ của mình, Thu chia sẻ: “Em mơ ước trở thành một bác sĩ để khám chữa bệnh cho tất cả mọi người có cùng hoàn cảnh giống với mình”. Để đạt được điều đó, Thu còn cả một chặng đường dài khó khăn thiếu thốn phía trước, em cần nỗ lực nhiều hơn nữa trong học tập, vượt qua hoàn cảnh khó khăn của gia đình.\r\n\r\nCô giáo Ma Thị Chuyên, Hiệu trưởng nhà trường cho biết: Biết được hoàn cảnh của em Hoàng Thị Thu, các thầy cô giáo và nhà trường đều cố gắng giúp đỡ để em yên tâm đến trường.\r\n\r\nHS của trường đa số là dân tộc thiểu số, cuộc sống còn nhiều khó khăn, trong khi đó, đường đến trường khá xa, vào mùa đông giá rét, để duy trì việc HS đến lớp học tập là cả sự cố gắng, sự động viên khích lệ của gia đình, sự quan tâm của các thầy, cô giáo.\r\n\r\nKhông những thế một số nơi quan niệm của đồng bào còn hạn chế nhất là việc cho con em đi học, thậm chí còn bắt ở nhà để phụ giúp gia đình và lo việc xây dựng gia đình sớm cho các em… Tấm gương nghị lực vượt qua hoàn cảnh vươn lên trong học tập của em Hoàng Thị Thu là một trong rất nhiều tấm gương sáng của các em học sinh nơi rẻo cao này.\r\n\r\nCô Chuyên tin rằng, với lòng quyết tâm, với sự nỗ lực không ngừng của bản thân cùng với sự quan tâm của bạn bè, thầy cô giáo, nhà trường và các tổ chức xã hội, Thu nhất định sẽ đạt được ước mơ của mình.', 19, '2;8;3;21', 'Published', 0),
(19, 'Thị trường chứng khoán đã hồi phục sau phiên giảm mạnh đầu tuần', 'Sau phiên giảm mạnh đầu tuần, thị trường đã đạt được trạng thái hồi phục trong sáng nay (4/6). Theo đó, VN-Index tăng 3,67 điểm tương ứng 0,39% lên 950,14 điểm còn HNX-Index tăng nhẹ 0,06 điểm tương ứng 0,06% lên 103,34 điểm. ', 4, 0, 'chungkhoan-1559631971717.jpg', '2019-06-04', 'Sau phiên giảm mạnh đầu tuần, thị trường đã đạt được trạng thái hồi phục trong sáng nay (4/6). Theo đó, VN-Index tăng 3,67 điểm tương ứng 0,39% lên 950,14 điểm còn HNX-Index tăng nhẹ 0,06 điểm tương ứng 0,06% lên 103,34 điểm.\r\n\r\nĐộ rộng thị trường đã nghiêng về số mã tăng giá. Có 282 mã tăng, 36 mã tăng trần so với 208 mã giảm và 26 mã giảm sàn trên quy mô toàn thị trường.\r\n\r\nTrong khi VCB, BID, VIC, VNM, PLX… tăng giá và có tác động tích cực đến chỉ số chính thì VN-Index lại chịu ảnh hưởng kém tích cực đến từ VHM, ROS, EIB, YEG…\r\n\r\nSo với hôm qua thì thanh khoản đã có độ chững nhất định. Khối lượng giao dịch trên HSX chỉ còn 76,32 triệu cổ phiếu tương ứng 1.528,74 tỷ đồng và con số này trên HNX thậm chí lùi xuống mức 9,02 triệu cổ phiếu tương ứng 119,09 tỷ đồng.\r\n\r\nhttps://icdn.dantri.com.vn/thumb_w/640/2019/06/04/chungkhoan-1559631971717.jpg\r\n\r\nSáng nay, đáng chú ý, cổ phiếu ROS của Công ty CP Xây dựng FLC Faros tiếp tục giảm mặc dù có Tập đoàn này mới đón nhận thông tin mới là ngày 3/6, Phó Thủ tướng Vũ Đức Đam đã ký văn bản đồng ý chủ trương cho phép thành lập trường ĐH FLC tại tỉnh Quảng Ninh. Đại học FLC dự kiến được xây dựng với qui mô dự kiến khoảng 50 ha tại phường Hà Lầm và phường Hà Trung, thành phố Hạ Long, tỉnh Quảng Ninh, tổng vốn đầu tư ước tính gần 4.000 tỷ đồng.\r\n\r\nFLC tỏ ra khá táo bạo khi đặt mục tiêu cho trường đại học này là đạt xếp hạng QS rating và kiểm định ASEAN University Network (AUN); xếp hạng AACSB đối với các chương trình quản trị kinh doanh, từ đó thu hút sinh viên ở các tỉnh, thành phố khác về Quảng Ninh học tập, thậm chí thu hút sinh viên ở các quốc gia khác đến Việt Nam.\r\n\r\nVới ba chuyên ngành quan trọng là công nghệ cao, du lịch và hàng không, ĐH FLC dự kiến tuyển sinh mùa đầu tiên vào cuối năm 2020 với quy mô tuyển sinh ban đầu là 600 sinh viên và tăng lên 6.100 sinh viên vào năm 2024 và 10.000 sinh viên vào năm 2035.\r\n\r\nTrở lại với thị trường chứng khoán, VCBS cho rằng, trong phiên hôm qua, chỉ số tiếp tục lao dốc và xuyên thủng các mốc hỗ trợ gây ra tâm lý tiêu cực cho thị trường. Bên cạnh đó, những diễn biến kinh tế vĩ mô quốc tế cũng như trong nước cũng chưa cho thấy những dấu hiệu tích cực.\r\n\r\nVới bối cảnh hiện tại, VCBS khuyến nghị nhà đầu tư giảm tỷ trọng cổ phiếu trong danh mục, bên cạnh đó tiếp tục cập nhật những diễn biến của VN-Index cũng như chứng khoán thế giới để có thể cơ cấu danh mục một cách hợp lý nhất.', 1, '11;1;2;3', 'Not yet approved', 1),
(20, '3 bí quyết chọn đồng hồ Citizen cho nam công sở vừa đẹp, vừa sang', 'Đối với phần lớn quý ông văn phòng, một chiếc đồng hồ nam sẽ khiến họ trở nên nam tính và lịch thiệp hơn khi kết hợp cùng quần âu và áo sơ mi. Đồng hồ không chỉ thực hiện hiệu quả chức năng kiểm soát giờ giấc, mà còn giúp người đàn ông nâng tầm phong cách, gia tăng giá trị trong mắt đối tác, khách hàng.', 4, 0, 'bi-quyet-chon-dong-ho-citizen-cho-nam-cong-so-vua-dep-vua-sang-7-edited-1559659261374.jpg', '2019-06-10', 'Vì vậy, đừng bỏ lỡ 03 bí quyết chọn đồng hồ Citizen nam cho dân công sở ngay dưới đây nhé!\r\n\r\nChọn đồng hồ Citizen nam dựa vào kích thước cổ tay\r\n\r\nMột chiếc đồng hồ dù có sang trọng, đắt tiền đến đâu nhưng khi đeo lên tay tạo cảm giác không thoải mái, vừa vặn thì cũng không phát huy tối đa hiệu quả của món phụ kiện thời trang. Vì vậy, hãy chọn đúng trước khi chọn đẹp!\r\n\r\nĐể chọn đồng hồ đúng chuẩn, việc đầu tiên bạn cần làm là xác định chu vi cổ tay (size tay). Nếu cổ tay của bạn có chu vi dưới 15cm là size tay nhỏ, từ 15cm đến 17cm là size tay trung bình và trên 17cm là size tay cỡ lớn.\r\n\r\nhttps://icdn.dantri.com.vn/thumb_w/640/2019/06/04/bi-quyet-chon-dong-ho-citizen-cho-nam-cong-so-vua-dep-vua-sang-3-1559659078130.jpg\r\n\r\nSau đó, dựa vào chu vi cổ tay, bạn có thể xác định được size mặt đồng hồ (đường kính mặt đồng hồ) thích hợp. Thông thường, đàn ông Việt Nam thường đeo đồng hồ có size mặt từ 39mm - 42mm.\r\n\r\nVới những quý ông có cổ tay nhỏ và mỏng, nên tránh xa những chiếc đồng hồ có size mặt quá lớn, thiết kế dày. Tuyệt đối không chọn những mẫu đồng hồ đeo tay nam quá hầm hố, mặt số chứa các chi tiết phức tạp, bởi điều này sẽ khiến cổ tay bạn trở nên lọt thỏm, nặng nề. Kích thước mặt đồng hồ tối ưu cho người tay nhỏ là 36mm - 40mm.\r\n\r\nNgoài ra, bạn nên ưu tiên chọn đồng hồ Citizen dây da thanh lịch thay vì dây kim loại vì sẽ tạo cảm giác ôm tay. Tuy nhiên, nếu bạn quá yêu thích mẫu những mẫu đồng hồ dây kim loại, tốt nhất hãy chọn loại dây mắt nhỏ, bản dây vừa phải.\r\n\r\nhttps://icdn.dantri.com.vn/thumb_w/640/2019/06/04/bi-quyet-chon-dong-ho-citizen-cho-nam-cong-so-vua-dep-vua-sang-7-edited-1559659261374.jpg\r\n\r\nNếu bạn có cổ tay to tròn, những chiếc đồng hồ Citizen Chronograph cá tính có size mặt từ 42mm - 46mm sẽ là lựa chọn thích hợp. Hãy tránh xa những chiếc đồng hồ quá mỏng, thiết kế thanh mảnh vì sẽ gây ra sự bất đối xứng, làm giảm sự mạnh mẽ, nam tính của người đeo.\r\n\r\nChọn đồng hồ Citizen nam theo màu da\r\n\r\nĐiều tiếp theo các quý ông công sở cần quan tâm là chọn đồng hồ phù hợp với màu da. Có một sự thật là 80% đàn ông Việt Nam sở hữu nước da sẫm màu, da nâu căng bóng. Điều này xuất phát phần lớn từ môi trường khí hậu nhiệt đới tại Việt Nam.\r\n\r\nVới những đấng mày râu có nước da sẫm màu, một chiếc đồng hồ Citizen dây kim loại, mặt sáng nổi bật sẽ là lựa chọn không tồi. Đây sẽ là trợ thủ đắc lực giúp tôn lên chất nam tính, mạnh mẽ và cuốn hút của người đàn ông.\r\n\r\nhttps://icdn.dantri.com.vn/thumb_w/640/2019/06/04/bi-quyet-chon-dong-ho-citizen-cho-nam-cong-so-vua-dep-vua-sang-5-1559659090722.jpg', 2, '5;6;7;8', 'Denied', 1),
(21, 'Gây \"sốc\" thị trường: Giá vàng tăng theo phương thẳng đứng', 'Phiên giao dịch hôm nay 4/6, giá vàng SJC được doanh nghiệp điều chỉnh tăng mạnh theo phương thẳng đứng và duy trì ở mức trên 37 triệu đồng/lượng. ', 1, 0, 'giavanggiam-1492398827781-1556950301543.jpg', '2019-06-04', 'Chiều nay 4/6, giá vàng SJC tại Hà Nội được doanh nghiệp niêm yết giao dịch ở mức 36,89 triệu đồng/lượng (mua vào) - 37,01 triệu đồng/lượng (bán ra) đối với giao dịch bán lẻ và 36,9 triệu đồng/lượng - 37 triệu đồng/lượng đối với giao dịch bán buôn.\r\n\r\nTại TPHCM, giá vàng SJC được doanh nghiệp niêm yết giao dịch ở mức 36,85 triệu đồng/lượng - 37,05 triệu đồng/lượng.\r\n\r\nPhiên giao dịch sáng nay, giá vàng SJC được DOJI niêm yết ở mức 36,88 triệu đồng/lượng - 36,98 triệu đồng/lượng, tăng khoảng 180 nghìn đồng mỗi lượng so với chốt phiên hôm qua.\r\n\r\nhttps://icdn.dantri.com.vn/thumb_w/640/2019/05/04/giavanggiam-1492398827781-1556950301543.jpg\r\n\r\nThời điểm 9h sáng nay, giá vàng SJC tại Hà Nội được công ty CP SJC Sài Gòn niêm yết giao dịch ở mức 36,81 triệu đồng/lượng - 37,01 triệu/lượng, giá vàng tăng 210.000 đồng/lượng ở chiều mua vào và 240.000 đồng/lượng ở chiều bán ra so với chốt phiên giao dịch chiều qua.\r\n\r\nCùng thời điểm trên, giá vàng nhẫn tròn trơn vàng rồng Thăng Long giao dịch ở mức 36,81 triệu đồng/lượng - 37,26 đồng/lượng, tăng 270.000 đồng/lượng so với chốt phiên giao dịch chiều qua...\r\n\r\nNhư vậy, chỉ trong hai ngày giao dịch gần đây, giá vàng SJC đã tăng khoảng 500.000 đồng/lượng.\r\n\r\nVới mức điều chỉnh tăng mạnh trên, giá vàng SJC hiện chỉ còn cao hơn giá vàng thế giới quy đổi 40.000 đồng/lượng.\r\n\r\nGiá vàng thế giới dẫn nhịp tăng tạo luồng gió mới cho kim quý vàng trong nước. Với mức tăng chạm ngưỡng cao nhất trong hơn hai tháng qua, giá vàng trong nước tạo sức hấp dẫn nhất định đối với thị trường đồng thời thu hút được phần lớn nhà đầu tư. Ghi nhận trong phiên, lượng khách theo chiều mua và bán đan xen, trong đó lượng khách theo chiều bán vàng chiếm ưu thế.\r\n\r\nTrên thế giới, giá vàng giao ngay hiện có biên độ tăng gần 3 USD, giao dịch ở mức 1.327,6 USD/ounce. Lúc 9h sáng, giá vàng thế giới giao ngay đứng ở mức 1.323 USD/ounce.\r\n\r\nGiá vàng thế giới diễn biến tăng do lo ngại căng thẳng thương mại Mỹ - Trung và Mỹ đe dọa áp thuế Mexico sẽ kéo tụt tăng trưởng toàn cầu.\r\n\r\nTrong phiên Mỹ tối qua, giá vàng giao ngay tăng gần 20 USD, lên 1.324 USD một ounce. Giá có thời điểm lên sát 1.326 USD - cao nhất kể từ cuối tháng 2.\r\n\r\nMối quan hệ giữa Mỹ và Trung Quốc ngày càng xấu đi khi hai nền kinh tế lớn nhất thế giới này tiếp tục đụng độ tại Đối thoại Shangri-la ở Singapore hôm 2/6.\r\n\r\nTrong khi đó, về phía Mexico, Ngoại trưởng Marcelo Ebrard nói rằng nếu Washington áp thuế đối với hàng hóa nhập khẩu của Mexico, điều đó có thể phản tác dụng trong việc ngăn chặn những dòng người nhập cư qua biên giới phía Nam của Mỹ.\r\n\r\nTheo Bart Melek, chiến lược gia về hàng hóa thuộc TD Securities tại Toronto, đồn đoán về khả năng hạ lãi suất ở Mỹ, đồng USD xuống giá và tình hình bất ổn trên thị trường chứng khoán là những yếu tố đưa các nhà đầu tư tìm đến vàng và các kim loại quý khác.\r\n\r\nSPDR Gold Trust, quỹ giao dịch vàng lớn nhất thế giới, cho biết lượng vàng do quỹ này nắm giữ đã tăng 0,3% lên 743.21 tấn trong phiên 31/5.', 1, '4;5;13;12', 'Published', 0),
(22, 'Sếp doanh nghiệp ra nước ngoài \"học tập\" như đi chợ: Kỷ lục 106 ngày/2 năm', 'Tuần qua, thông tin xoay quanh việc lãnh đạo một doanh nghiệp do UBND TP.HCM quản lý đi công tác nước ngoài liên miên (106 ngày/2 năm) khiến nhiều người bất bình. Đáng nói, từ tổng giám đốc đến dàn \"chóp bu\" tổ chức nhiều chuyến đi \"học tập\" ở nước ngoài nhưng tình hình kinh doanh vẫn không khả quan, thậm chí... thụt lùi. ', 1, 0, 'sadeco-1558367486928-1558830938266.jpg', '2019-06-05', 'Tiền đâu mà lãnh đạo công ty Tân Thuận \"đi nước ngoài như... đi chợ\"?\r\n\r\nTừ tổng giám đốc đến dàn \"chóp bu\" tổ chức nhiều chuyến đi \"học tập\" ở nước ngoài, thậm chí có cán bộ trong 2 năm đi hơn 100 ngày nhưng tình hình kinh doanh của công ty Tân Thuận vẫn không khả quan, thậm chí, tăng trưởng kiểu... thụt lùi. \r\n\r\nChỉ trong 2 năm 2016, 2017, IPC đã tổ chức các chuyến đi nước ngoài với tổng số tiền IPC chi trả hơn 1,3 tỷ đồng (chưa kể các chuyến đi bằng nguồn kinh phí tự túc, doanh nghiệp tài trợ...).\r\n\r\nKhông những vậy, thời gian đi cho phép là 10 ngày nhưng các cá nhân của công ty này thường xuyên \"chơi chiêu\" đi trước 5 ngày và về trễ 3 ngày so với quyết định của UBND TPHCM. \r\n\r\nViệc đi công tác nước ngoài của dàn lãnh đạo IPC còn \"bất ổn\" ở việc nâng chi phí chuyến đi. Điển hình, chuyến đi Hồng Kông, IPC đề xuất chi phí 16,45 triệu đồng/người nhưng không hiểu sao sau đó làm tờ trình đội chi phí lên 25,04 triệu/người (tăng thêm 8,595 triệu/người). Xin đi 3 người nhưng thực tế là 4 người với chi phí trọn gói hơn 100 triệu đồng.\r\n\r\nhttps://icdn.dantri.com.vn/thumb_w/640/2019/05/26/sadeco-1558367486928-1558830938266.jpg\r\n\r\nUBND TPHCM đã ra văn bản \"tuýt còi\" khi đề nghị đích danh Tổng Giám đốc Tề Trí Dũng tăng cường quản lý chặt chẽ các trường hợp cán bộ, lãnh đạo quản lý đi nước ngoài, không để tái diễn trường hợp tương tự như trên.\r\n\r\nThế nhưng, chính Tổng Giám đốc Tề Trí Dũng  giữ \"kỷ lục\" đi nước ngoài nhiều với 106 ngày/2 năm. Đáng lưu ý, qua thống kê cho thấy, nếu đi nước ngoài bằng nguồn tài trợ, số ngày đi nước ngoài của ông Dũng vượt quy định thấp, chỉ 2-3 ngày/chuyến đi.\r\n\r\nNgoài ra, còn có tới 12 cán bộ cấp quản lý của IPC từ cấp Phó tổng giám đốc đến kiểm soát viên đi nước ngoài nhiều ngày mà không hề có quyết định cử đi của UBND TPHCM theo quy định.\r\n\r\nTheo thanh tra TPHCM, đến nay vẫn chưa thể hiện kết quả đạt được cho hoạt động của Công ty từ các chuyến đi công tác nước ngoài, gây lãng phí tiền của Nhà nước tại IPC và các đơn vị thành viên có vốn góp Nhà nước.\r\n\r\n\"Dấu chấm hết\" từ YouTube cuốn phăng trăm tỷ của đại gia Việt\r\n\r\nThông tin tiêu cực liên quan đến YouTube vẫn tiếp tục ập đến và khiến giá cổ phiếu YEG giảm sâu trên sàn. Tối muộn ngày 22/5, Yeah1 ra thông báo về kết quả của trao đổi với YouTube. Theo đó, YouTube cho biết sẽ bắt đầu tiến hành giải phóng (releasing) các kênh đang hợp tác với Yeah1 và các công ty con từ ngày 22/5/2019.\r\n\r\nCác quyền MCN của Yeah1 cũng sẽ tạm ngưng không xác định thời hạn, việc truy cập lại vào các quyền hạn này sẽ được xem xét lại trong tương lai. Trong lúc này, các kênh O&O và kênh thứ 3 tự do có thể đăng ký lại chế độ kiếm tiền qua chương trình Youtube Partnership Program, tuân theo quy trình kiểm duyệt.\r\n\r\nMặt khác, YouTube không giới hạn cơ hội thảo luận về các thỏa thuận hợp tác nội dung trong tương lai với Yeah1 (ví dụ như các thỏa thuận cấp phép phân phối nội dung). Tuy nhiên, các quyền MCN (quyền thêm kênh, Content ID, hệ thống CMS) vẫn sẽ bị tạm ngưng.\r\n\r\nTrong khi đó, khi không còn quyền MCN, Yeah1 có kế hoạch sẽ hợp tác với các bên khác nhằm khai thác những nội dung mà Yeah1 sở hữu để phát trên các kênh của đối tác. Tỷ lệ chia sẻ doanh thu phổ biến theo dự kiến của Yeah1 sẽ là 50:50 hoặc 60:40. Yeah1 cam kết sẽ làm việc với Youtube và các đối tác để quá trình chuyển đổi được diễn ra thuận lợi.\r\n\r\nTuy vậy, với diễn biến tiêu tục trên thị trường chứng khoán, vốn hoá thị trường Yeah1 của đại gia Nguyễn Ảnh Nhượng Tống sáng 23/5 đã bị sụt mất 234,6 tỷ đồng. Trước đó, YEG từng xuống mức đáy 93.300 đồng vào ngày 15/5.\r\n\r\nBất ngờ “lai lịch” đại cổ đông vượt sở hữu của THACO tại HAGL Agrico\r\n\r\nCổ phiếu HNG của bầu Đức phiên 21/5 đứng giá 15.450 đồng/cổ phiếu còn HAG giảm nhẹ 0,77% còn 5.160 đồng/cổ phiếu.\r\n\r\nThế nhưng, thông tin đáng chú ý liên quan đến cặp cổ phiếu này của Hoàng Anh Gia Lai (HAGL) lại là việc công ty Hưng Thắng Lợi Gia Lai vừa chi hơn 600 tỷ đồng để nâng sở hữu tại HAGL Agrico từ 5,6% lên 9,8%. Với tỷ lệ sở hữu này, Hưng Thắng Lợi Gia Lai đã vượt THACO để trở thành cổ đông lớn thứ hai tại HAGL Agrico sau HAGL.\r\n\r\nhttps://icdn.dantri.com.vn/thumb_w/640/2019/05/26/bauduc-1551311321751-1-1558830938278.jpg\r\n\r\nCụ thể, công ty này đã mua vào 37 triệu cổ phiếu HNG của HAGL Agrico trong hai ngày 15-16/5 đưa khối lượng nắm giữ lên 87 triệu cổ phiếu. Theo quan sát, trong thời gian nói trên, khớp lệnh tại HNG khá khiêm tốn trong khi khối lượng giao dịch thỏa thuận đúng bằng 37 triệu đơn vị, tổng giá trị hơn 603 tỷ đồng.\r\n\r\nHAGL Agrico hiện có ba cổ đông lớn: một là công ty mẹ - HAGL nắm 57,81%, Hưng Thắng Lợi Gia Lai nắm 9,8% và Công ty CP Ô tô Trường Hải (THACO) nắm 7,86% cổ phần.', 2, '5;21;25;3', 'Published', 0),
(23, 'Trung Quốc chỉ mua trái cây Việt Nam… không có lá?', 'Ngày 3/6, đã có ba xe chở vải khi đến cửa khẩu Tân Thanh phải dỡ hàng xuống để cắt lại cuống… ', 1, 0, 'vaithieuccug-1559719101014.jpg', '2019-06-05', 'Sáng 4/6, tại buổi họp báo về việc tổ chức Tuần lễ vải thiều và Diễn đàn kết nối sản xuất, tiêu thụ vải thiều Bắc Giang được tổ chức tại Hà Nội, ông Nguyễn Thanh Bình, Chủ tịch UBND huyện Lục Ngạn, tỉnh Bắc Giang cho biết vải cuống dài, lẫn lá sẽ bị từ chối xuất sang Trung Quốc.\r\n\r\n\r\nhttps://icdn.dantri.com.vn/thumb_w/640/2019/06/05/vaithieuccug-1559719101014.jpg\r\n\r\nCụ thể, ông Bình cho biết, văn bản này do chính quyền tỉnh Quảng Tây (Trung Quốc) ban hành. Tuy nhiên, thực tế tất cả các loại trái cây, trong đó có quả vải thiều Bắc Giang muốn vào thị trường Trung Quốc mà đi qua cửa khẩu Tân Thanh thì đều phải đáp ứng yêu cầu trên.\r\n\r\nCác yêu cầu mà phía Trung Quốc đưa ra, bao gồm: tất cả sản phẩm hoa quả nói chung và vải thiều nói riêng của Việt Nam, trong đó có Bắc Giang muốn xuất khẩu sang thị trường Trung Quốc phải được cấp mã số vùng trồng.\r\n\r\nTất cả sản phẩm xuất khẩu sang Trung Quốc phải được doanh nghiệp đủ điều kiện đóng gói mà được phía Trung Quốc xác nhận đủ điều kiện đóng gói, chứ không phải do nông dân tự đóng gói.\r\n\r\nTất cả doanh nghiệp muốn xuất khẩu hàng hóa sang Trung Quốc phải được phía nước bạn cấp cho mã doanh nghiệp, không phải doanh nghiệp nào muốn xuất khẩu sang Trung Quốc cũng được.\r\n\r\n“Trước những yêu cầu trên, sau một thời gian chuẩn bị, đến nay tất cả các doanh nghiệp hợp tác xã, các thương nhân trên địa bàn huyện Lục Ngạn đã được phía Trung Quốc cấp mã doanh nghiệp đủ điều kiện làm nhiệm vụ xuất khẩu nông sản vào thị trường Trung Quốc”, ông Bình thông tin.\r\n\r\nBên cạnh đó, cơ quan kiểm dịch và hải quan cũng tăng cường điều kiện kỹ thuật. Thứ nhất, đối với hải quan và kiểm dịch, yêu cầu tất cả sản phẩm, đặc biệt là vải thiều khi đưa sang Trung Quốc không được lẫn một chiếc lá nào. Cuống vải cũng yêu cầu phải ngắn dưới 15cm.\r\n\r\nChia sẻ về vấn đề này, ông Bình cho biết: “Thói quen của người dân Lục Ngạn từ trước đến nay luôn bó vải theo chùm to, do vậy phải để cuống dài. Hơn nữa, theo phương pháp truyền thống thì khi bó vải thường điểm xuyết một vài chiếc lá để chùm vải trông tươi, ngon và đẹp mắt. Nhưng việc đó năm nay cũng bị cấm khi xuất khẩu sang Trung Quốc.”.\r\n\r\nTheo thông tin từ Chủ tịch UBND huyện Lục Ngạn, ngay trong ngày hôm 3/6, huyện Lục Ngạn đã có ba xe chở vải khi đến cửa khẩu Tân Thanh phải dỡ hàng xuống để cắt lại cuống và đóng lại bao bì vì không đáp ứng yêu cầu trên. Việc này rất tốn công sức, chi phí của doanh nghiệp.', 3, '2;10;11;20', 'Published', 0),
(24, 'Phó Thủ tướng: “Không để xảy ra trường hợp đáng tiếc như dự án đường sắt Cát Linh - Hà Đông”', '“Đối với các nhà thầu, nhà đầu tư nước ngoài phải có năng lực, có trách nhiệm, có uy tín; không để xảy ra trường hợp đáng tiếc, tương tự như dự án đường sắt Cát Linh – Hà Đông”, Phó Thủ tướng Trịnh Đình Dũng nói sau phiên trả lời chất vấn của Bộ trưởng GTVT chiều 5/6. ', 2, 0, 'tranvanminh-1559721498502.jpg', '2019-06-05', 'Tranh luận tại hội trường, đại biểu Trần Văn Minh (Quảng Ninh) cảm thấy không hài lòng với những thông tin được Bộ trưởng Bộ GTVT Nguyễn Văn Thể trả lời 3 đại biểu trong sáng nay về tiến độ tuyến đường sắt Cát Linh – Hà Đông. Ông Minh cho rằng, còn nhiều vấn đề liên quan đến dự án này cần được Bộ trưởng Thể làm rõ.\r\n\r\nTheo đại biểu Trần Văn Minh, báo cáo của Bộ GTVT gửi đến Quốc hội có nêu dự án đường sắt Cát Linh – Hà Đông đang hoàn thành các hạng mục còn lại để đưa vào khai thác thương mại trong năm 2019. Tuy nhiên, theo đại biểu Minh thì dự án có nguy cơ kéo dài do tổng thầu triển khai chưa theo đúng cam kết.\r\n\r\nhttps://icdn.dantri.com.vn/thumb_w/640/2019/06/05/tranvanminh-1559721498502.jpg\r\n\r\n“Nếu như trả lời của Bộ trưởng vừa rồi và như báo cáo của Bộ GTVT gửi đến Quốc hội, thì có nghĩa là dự án này không biết bao giờ sẽ đưa vào khai thác thương mại”, đại biểu Trần Văn Minh nói.\r\n\r\nTrả lời câu hỏi của đại biểu Trần Văn Minh, Bộ trưởng GTVT Nguyễn Văn Thể cho biết, nhà thầu có nhiều cam kết với Bộ, cũng như Ban Quản lý dự án, nhưng họ chưa thực hiện đúng cam kết, tiến độ thực hiện dự án còn chậm.\r\n\r\nCòn về trách nhiệm của Bộ GTVT trong dự án đường sắt Cát Linh – Hà Đông, ông Thể cho biết, nếu cán bộ nào, bộ phận nào có vấn đề thì sẽ bị xử lý theo quy định của pháp luật. “Tuy nhiên, ở đây có cơ quan điều tra, thanh tra, kiểm toán sắp tới sẽ tiến hành các hoạt động của ngành với dự án Cát Linh – Hà Đông”, Bộ trưởng Thể nói.\r\n\r\nhttps://icdn.dantri.com.vn/thumb_w/640/2019/06/05/nguyenvantheeee-1559721498802.jpg\r\n\r\nTheo đại biểu Trương Trọng Nghĩa (TP Hồ Chí Minh), vừa qua có nhiều chuyên gia kinh tế kĩ thuật nước ta bức xúc trước thông tin chỉ có nhà đầu tư Trung Quốc quan tâm dự án đường cao tốc Bắc Nam. Cử tri cho rằng, đây là một tín hiệu sai do chúng ta xúc tiến đầu tư chưa tốt.\r\n\r\n“Cử tri đề nghị dự án đường cao tốc Bắc Nam phải là công trình tiêu biểu của thế hệ này để lại cho con cháu hàng trăm năm sau. Do đó con đường này phải là dự án chất lượng cao, bền vững, bảo đảm các yêu cầu kinh tế - xã hội và đặc biệt là phải bảo đảm về an ninh quốc phòng”, đại biểu Trương Trọng Nghĩa nói.\r\n\r\nTheo đại biểu đoàn TP Hồ Chí Minh, nếu có cách làm tốt, công khai minh bạch thì sẽ huy động được nguồn vốn chủ yếu từ các doanh nghiệp Việt Nam và hàng chục triệu người dân qua phát hành trái phiếu để làm đường cao tốc Bắc Nam, qua đó giảm gánh nặng nợ công và nợ nước ngoài.\r\n\r\n“Cử tri còn băn khoăn với việc Chính phủ có biện pháp gì bảo đảm không lặp lại vấn nạn và hệ lụy việc chọn thầu bằng giá rẻ, cuối cùng đội vốn nhiều lần, công nghệ thấp, chất lượng kém và để lại các hậu quả khác nếu xảy ra thì ai chịu trách nhiệm”, đại biểu Trương Trọng Nghĩa nêu.\r\n\r\nhttps://icdn.dantri.com.vn/thumb_w/640/2019/06/05/truongtrongnghia-1559721498302.jpg\r\n\r\nTrả lời câu hỏi trên, Bộ trưởng Thể cho biết, hiện nay các công trình trọng điểm phải đảm bảo chất lượng hàng đầu. Do đó, từ công tác tư vấn, giám sát, cho đến tổ chức thi công, Bộ GTVT giám sát chặt chẽ ngay từ đầu. Nếu thấy cần thiết, Bộ GTVT sẽ kiến nghị Chính phủ bố trí nguồn lực thuê tư vấn nước ngoài giám sát quá trình thực hiện, để công trình đảm bảo đúng tiến độ và chất lượng.\r\n\r\n“Một dự án trọng điểm quốc gia mà có vấn đề về chất lượng thì sẽ rất nguy hiểm. Do vậy, tôi đồng tình với ý kiến của đại biểu Nghĩa”, Bộ trưởng Nguyễn Văn Thể nói và cho biết, ngành này cũng sẽ đảm bảo vấn đề an ninh quốc phòng và tạo điều kiện cho nhà thầu trong nước thành lập liên danh xây dựng dự án trọng điểm quốc gia.\r\n\r\nBộ trưởng GTVT Nguyễn Văn Thể cũng trấn an đại biểu Trương Trọng Nghĩa trước những lo ngại về việc nếu dự án để xảy ra hậu quả thì ai chịu trách nhiệm. “Thực tế chúng ta có đầy đủ các cơ quan pháp luật. Tôi nghĩ rằng cá nhân tổ chức nào vi phạm các vấn đề về đấu thầu và xây dựng cơ bản thì sẽ bị xử lý theo đúng quy đinh của pháp luật”, Bộ trưởng Thể cam kết.\r\n\r\nhttps://icdn.dantri.com.vn/thumb_w/640/2019/06/05/trinhdinhdung-2-1559721498794.jpg\r\n\r\nLàm rõ những vấn đề liên quan đến ngành GTVT đại biểu còn băn khoăn, Phó Thủ tướng Trịnh Đình Dũng khẳng định quan điểm của Chính phủ, Thủ tướng Chính phủ là phải lựa chọn các nhà thầu, nhà đầu tư một cách công khai, minh bạch theo đúng quy định của pháp luật; hạn chế, khắc phục thất thoát lãng phí trong quá trình đầu tư xây dựng; ưu tiên các nhà đầu tư, nhà thầu trong nước đủ năng lực.\r\n\r\n“Đối với các nhà thầu, nhà đầu tư nước ngoài, phải là những nhà thầu, nhà đầu tư có năng lực, có trách nhiệm, có uy tín; không để xảy ra trường hợp đáng tiếc, tương tự như dự án đường sắt Cát Linh – Hà Đông”, Phó Thủ tướng Trịnh Đình Dũng nói.', 4, '20;25;21;3', 'Published', 0),
(25, 'Có gì đặc biệt trong lễ hội văn hoá ẩm thực Hà Nội năm 2019?', 'Lễ hội văn hoá ẩm thực Hà Nội năm 2019 sẽ diễn ra từ 19h ngày 7/6 đến 20h ngày 9/6 tại Công viên Thống Nhất - Hà Nội.', 2, 0, 'amthuc-1559692502185.jpg', '2019-06-05', 'Lễ hội sẽ tái hiện không gian văn hoá các làng nghề gắn với di sản ẩm thực tiêu biểu của Ba miền Bắc, Trung, Nam gồm 30 gian, được chia thành 3 khu vực.\r\n\r\nKhu ẩm thực miền Bắc có các món ăn của vùng cao Hà Giang, các món Tây Bắc như: gà nướng mắc kén, cá nướng Pa pỉnh tộp Tây Bắc, cơm lam Pắc Pó, bánh đa cua Hải Phòng, Nem cua Hải Phòng. Các món ăn đại diện của Hà Nội như: Phở cuốn diếp Hà Nội, bánh tôm Hồ Tây, bún chả, bánh cuốn… các sản phẩm của các làng nghề như: Cốm Mễ Trì, xôi Phú Thượng...\r\n\r\nhttps://icdn.dantri.com.vn/thumb_w/640/2019/06/05/amthuc-1559692502185.jpg\r\n\r\nKhu ẩm thực miền Trung giới thiệu các món: Súp lươn Nghệ An, mỳ Quảng, cơm gà Hội An, bún bò Huế, bánh bột lọc, nem lụi... và khu ẩm thực miền Nam với các món Xôi chiên phồng quả bóng ăn kèm gà quay lá trúc, gỏi cuốn, chạo tôm bao mía ăn, bánh xèo Cần Thơ và hải sản nướng Nha Trang.\r\n\r\nLễ hội còn có triển lãm giới thiệu hình ảnh ẩm thực của Hà Nội và ẩm thực của các vùng miền trên cả nước; Giới thiệu phong cách văn minh, thanh lịch của người Hà Nội trong thưởng thức ẩm thực và ứng xử nơi công cộng.\r\n\r\nGiới thiệu sản phẩm và quy trình thực hành tạo nên một số món ăn đặc sản của các vùng với nghệ nhân và đầu bếp có tên tuổi của Hội đầu bếp Việt Nam và Hội ẩm thực Việt Nam tham gia. Trình diễn một số loại hình nghệ thuật, trò chơi truyền thống. Giới thiệu nghệ thuật cắt tỉa các loại hoa quả, trang trí món ăn do các nghệ nhân tài hoa thực hành.\r\n\r\nLễ hội văn hoá ẩm thực Hà Nội năm 2019 là sự kiện nhằm tôn vinh và giới thiệu di sản văn hoá ẩm thực Hà Nội và một số ẩm thực độc đáo tiêu biểu riêng của miền Bắc, miền Trung và miền Nam; phát huy phong cách văn minh, thanh lịch của người Hà Nội trong bảo tồn các giá trị văn hóa ẩm thực Hà Nội. Đây là hoạt động góp phần thúc đẩy quảng bá các giá trị văn hóa ẩm thực và phát triển du lịch Việt Nam nói chung, du lịch Hà Nội nói riêng.', 6, '6;16;17;3', 'Published', 1),
(26, 'Quảng Nam: Quyết tâm hành động vì môi trường biển, đảo', 'Sáng 4/6, tại khu công nghiệp Điện Nam - Điện Ngọc (thị xã Điện Bàn), UBND tỉnh Quảng Nam đã phát động hưởng ứng Tuần lễ Biển và Hải đảo Việt Nam, Tháng hành động vì môi trường nhân ngày Môi trường thế giới và ngày Đại dương thế giới năm 2019.', 2, 0, '2-1559613330433.jpg', '2019-06-14', 'Với chủ đề “Ô nhiễm không khí và hành động của chúng ta”, Ngày Môi trường thế giới 2019, Liên hiệp quốc đã kêu gọi mọi người trên thế giới chung tay chăm sóc đại dương xanh bằng cách kết nối, lan tỏa, truyền cảm hứng tới bình đẳng giới, trao quyền cho phụ nữ và trẻ em gái trên khắp thế giới trong tất cả các lĩnh vực liên quan đến Đại dương để đạt mục tiêu phát triển bền vững của Liên hiệp quốc đến năm 2030.\r\n\r\nhttps://icdn.dantri.com.vn/thumb_w/640/2019/06/04/1-1559613330367.jpg\r\n\r\nPhát biểu tại buổi lễ, ông Lê Trí Thanh - Phó Chủ tịch tỉnh Quảng Nam - khẳng định, Quảng Nam nhận thức rõ trách nhiệm của mình trong việc thực hiện các mục tiêu chung của Quốc gia, gắn kết với các định hướng cũng như trong từng hành động cụ thể của địa phương, của các ngành, đơn vị.\r\n\r\nHưởng ứng lời kêu gọi của lãnh đạo Chính phủ và các Bộ, ngành Trung ương, ông Lê Trí Thanh kêu gọi các cấp, ngành, các tổ chức, cơ quan, đơn vị trên địa bàn tỉnh Quảng Nam hãy nâng cao nhận thức về vị trí, tầm quan trọng của biển, hải đảo và bảo vệ môi tường trong sự nghiệp xây dựng và bảo vệ Tổ quốc, cũng như tôn vinh những giá trị của đại dương đối với sự sống của nhân loại.\r\n\r\nhttps://icdn.dantri.com.vn/thumb_w/640/2019/06/04/2-1559613330433.jpg\r\n\r\n“Quảng Nam là một trong những tỉnh phát triển công nghiệp mũi nhọn tại miền Trung, với nhiều khu công nghiệp lớn nhỏ. Đường bờ biển kéo dài với nghề đánh bắt, nuôi trồng thủy hải sản, nguồn tài nguyên đa dạng. Vấn đề giảm phát khí thải, hạn chế rác thải và ô nhiễm môi trường luôn được các cấp chính quyền tỉnh quan tâm.\r\n\r\nTôi yêu cầu các khu công nghiệp, sản xuất thực hiện nghiêm các yêu cầu về bảo vệ môi trường trong sản xuất, hạn chế khí thải - rác thải góp phần hành động bảo vệ môi trường biển, đảo quê hương. Hưởng ứng lời kêu gọi của Chính phủ về môi trường, nói không nói túi ni lông, ống hút nhựa, giảm thiểu rác thải công nghiệp, không xả thải chưa qua xử lý ra môi trường biển….”, ông Thanh kêu gọi.\r\n\r\nTrong dịp này, tỉnh Quảng Nam cũng đồng loạt triển khai tổ chức các hoạt động “Tuần lễ Biển và Hải đảo Việt Nam”, “Tháng hành động vì môi trường” hưởng ứng Ngày Đại dương thế giới, Ngày Môi trường thế giới năm 2019 trên phạm vi toàn tỉnh, trong đó tập trung vào một số hoạt động chính như tổ chức các hoạt động tuyên truyền về mục đích, ý nghĩa của chủ đề Tuần lễ Biển và Hải đảo Việt Nam, Ngày Môi trường thế giới.\r\n\r\nKhuyến khích, hỗ trợ và tạo điều kiện cho các hoạt động bảo vệ tài nguyên, bảo vệ môi trường biển và hải đảo của người dân và cộng đồng, đồng thời phổ biến thông tin cho cộng đồng về tác hại của ô nhiễm không khí và lợi ích của việc sử dụng các phương tiện công cộng đối với môi trường không khí.\r\n\r\nTập trung triển khai phong trào “Chống rác thải nhựa” với nội dung “Giải quyết ô nhiễm môi trường do rác thải nhựa gây ra là nhiệm vụ cấp bách, đòi hỏi phải thực hiện thường xuyên, có sự tham gia của các cấp, các ngành và toàn xã hội” theo tinh thần chỉ đạo của Thủ tướng Chính phủ.\r\n\r\nTích cực triển khai các chương trình cụ thể về phân loại, thu gom, vận chuyển, xử lý chất thải rắn sinh hoạt đô thị và nông thôn, rác thải nhựa ven biển và trên các hải đảo…\r\n\r\nSau lễ phát động, lãnh đạo tỉnh, ngành địa phương và đoàn viên thanh niên đã tiến hành ra quân dọn dẹp vệ sinh, trồng cây xanh.', 5, '4;6;7;8', 'Published', 0),
(27, 'Cao thủ Vịnh Xuân, Lã Cương vẫn lớn tiếng cho rằng ông có thể hạ Từ Hiểu Đông nếu vận hết công lực ngay từ đầu trận. ', 'Cao thủ Vịnh Xuân, Lã Cương vẫn lớn tiếng cho rằng ông có thể hạ Từ Hiểu Đông nếu vận hết công lực ngay từ đầu trận. ', 3, 0, 'la-1558665581691.jpg', '2019-06-07', 'Như đã biết, mới đây, cao thủ Vịnh Xuân, Lã Cương đã bị võ sĩ MMA nghiệp dư, Từ Hiểu Đông hạ knock-out chỉ sau 47 giây. Thậm chí, Lã Cương còn bị đối thủ đấm vỡ mũi trong trận đấu này.\r\n\r\nhttps://icdn.dantri.com.vn/thumb_w/640/2019/05/24/la-1558665581691.jpg\r\n\r\nCách đây vài ngày, Lã Cương thừa nhận rằng thực tế rằng ông đã thua Từ Hiểu Đông vì thể hình quá chênh lệnh. Võ sư này viết trên trang mạng xã hội Weibo: “Tôi đã thua trận. Tôi thừa nhận điều đó. Nhưng nó không làm tôi gục ngã. Một thất bại không làm mất đi tinh thần võ đạo. Thất bại là mẹ thành công. Thử hỏi ở đất nước Trung Quốc có ai nặng 50 kg mà dám đối đầu với đối thủ tới 90kg cơ chứ?”.\r\n\r\nMặc dù vậy, tới hôm qua, Lã Cương lại cho rằng mình đã chọn sai chiến thuật ở trận đấu với Từ Hiểu Đông. Theo đó, Lã Cương khẳng định nếu mình tấn công dữ dội ngay từ đầu thì mọi chuyện đã khác.\r\n\r\nCao thủ Vịnh Xuân chia sẻ: “Tôi tính tới hai phương án để đối phó với Từ Hiểu Đông. Phương án đầu tiên tôi sẽ sử dụng tốc độ và sức mạnh để tấn công đối thủ bằng nắm đấm và khuỷu tay. Cú đấm của tôi rất mạnh ít ai trụ được.\r\n\r\nCòn phương án hai là chủ động phòng ngự và chờ đợi cơ hội phản công. Nếu tôi chọn phương án đầu tiên, có lẽ kết quả trận đấu đã khác.\r\n\r\nThứ nhất, tôi đã đánh giá quá thấp Từ Hiểu Đông. Thứ hai, tôi đã chọn sai chiến thuật và thứ ba, tôi không đủ kinh nghiệm để chống lại cách đánh của MMA”.\r\n\r\nThất bại của nhiều võ sư Trung Quốc trước võ sĩ MMA nghiệp dư như Từ Hiểu Đông khiến cho giới võ thuật cổ truyền Trung Quốc bị ảnh hưởng thanh danh nghiêm trọng. Dù vậy, phần lớn chiến thắng của Từ Hiểu Đông đều trước đối thủ chênh lệch thể hình.\r\n\r\nBáo Trung Quốc gợi ý nên có cuộc đối đầu giữa Từ Hiểu Đông với võ sư Vương Trí Lượng, người được mệnh danh là Lỗ Trí Thâm trong làng võ thuật Trung Quốc.', 14, '5;15;25;10', 'Published', 1),
(28, 'Sư phụ của Đinh Hạo lớn tiếng chỉ trích Từ Hiểu Đông', 'Võ sư Dư Xương Hoa, sư phụ của Đinh Hạo, đã lên tiếng đả kích Từ Hiểu Đông đã chơi không đẹp và “chỉ lừa được con nít” sau chiến thắng trước Lã Cương. ', 3, 0, 'tu-hieu-dong-1558756903133.jpg', '2019-06-04', 'Chiến thắng chóng vánh sau 47 giây của võ sỹ MMA Từ Hiểu Đông trước cao thủ Lã Cương đã làm dậy sóng làng võ Trung Quốc. Võ sư Dư Xương Hoa, sư phụ phái Vịnh Xuân của Đinh Hạo và cũng là đệ tự đời thứ ba của Diệp Vấn, đã lên tiếng nhận xét về Từ Hiểu Đông.\r\n\r\nhttps://icdn.dantri.com.vn/thumb_w/640/2019/05/25/du-xuong-hoa-1558756903069.jpg\r\n\r\nVõ sư Dư Xương Hoa khẳng định Từ Hiểu Đông thắng không thuyết phục: “Cân nặng của anh ta gần như gấp đôi Lã Cương, chưa kể đã tập luyện MMA. Tôi nghĩ trận chiến này là một chương trình kinh doanh giải trí, nó không phải là một cuộc thi đấu thể thao.\r\n\r\nSư phụ của Đinh Hạo cũng cho rằng sự so sánh giữa võ cổ truyền và võ tự do có sự khập khiễng: “\"Từ Hiểu Đông quá kiêu ngạo và anh ta có thể giết chết mọi người trong một cú đấm.\r\n\r\nMục đích của việc tập luyện võ tự do là đánh bại các đối thủ trên võ đài, còn võ cổ truyền tập luyện để rèn thể chất và tinh thần. Chỉ có một số người kế thừa sự chuyên nghiệp của võ thuật truyền thống”.\r\n\r\nKể từ năm 2017, sau khi tuyên bố \"võ thuật truyền thống chỉ để lừa người\", Từ Hiểu Đông nhận được nhiều lời thách đấu của các cao thủ môn phái khác nhau. Tuy nhiên, lần lượt Đinh Hạo, Điền Dã, Ngụy Lôi và mới nhất là Lã Cương đều gục ngã dưới tay võ sỹ MMA\r\n\r\nhttps://icdn.dantri.com.vn/thumb_w/640/2019/05/25/tu-hieu-dong-1558756903133.jpg\r\n\r\nVõ sư Dư Xương Hoa cho rằng Hiểu Đông nếu muốn khẳng định vị thế phải tìm người đô cao hơn để thách đấu: “Từ Hiểu Đông cực kỳ có tiếng nói trên mạng và rất dễ đánh lừa nhiều trẻ em ở Trung Quốc sinh sau năm 1990. Những đứa trẻ này hầu như không biết gì về võ thuật.\r\n\r\nBọn trẻ được tẩy não, làm thế nào để đập tan võ thuật truyền thống mọi lúc. Từ Hiểu Đông đặc biệt lỗi thời và anh ta to con hơn đối thủ. Sẽ rất nhàm chán khi nhìn thấy nhiều trận đấu như vậy”.\r\n\r\nBên cạnh đó, cao thủ Dư Xương Hoa cũng “vạch mặt” Lã Cương: “Tôi chưa bao giờ tiếp xúc với Lã Cương, nhưng biết rằng anh ấy không phải là một võ sư Vịnh Xuân cao cấp, chỉ theo học ngắn hạn”. Phái Vịnh Xuân cũng xóa sạch thông tin về Lã Cương khỏi hiệp hội của mình.\r\n\r\nDư Xương Hoa là chủ võ đường Giang Tây Xương Hoa Vịnh Xuân, nhận được chân truyền của Hoàng Thuần Lương và là đệ tử thứ ba của Diệp Vấn tại Giang Tây.', 15, '10;17;18;13', 'Published', 0),
(29, 'HLV Thái Lan: “Chúng tôi thua Việt Nam vì phung phí nhiều cơ hội”', 'HLV Sirisak của đội tuyển Thái Lan bày tỏ sự không hài lòng về kết quả tại King’s Cup tối 5/6 và cho rằng các cầu thủ phung phí nhiều cơ hội dẫn đến thất bại trước tuyển Việt Nam trên sân Chang Arena. ', 3, 0, 'sirisak-1559749333675.jpg', '2019-06-06', 'Bàn thắng ở phút 90+4 của Anh Đức đã giúp đội tuyển Việt Nam đánh bại Thái Lan và giành quyền vào chung kết King’s Cup 2019 gặp Curacao. Thái Lan đành chấp nhận tranh huy chương đồng với Ấn Độ, cả hai trận đầu diễn ra ngày 8/6.\r\n\r\nPhát biểu sau trận đấu, HLV Sirisak của Thái Lan cho biết: “Bàn thua phút cuối khiến chúng tôi không còn cơ hội để lật ngược thế cờ. Dù sao, chúng tôi vẫn còn một trận đấu nữa và cần tập trung tối đa. Thất bại của Thái Lan do chúng tôi phung phí quá nhiều cơ hội”.\r\n\r\nhttps://icdn.dantri.com.vn/thumb_w/640/2019/06/05/sirisak-1559749333675.jpg\r\n\r\n“Thuyền trưởng” đội tuyển Thái Lan cũng chia sẻ về những quyết định dùng người của mình: “Teerasil Dangda không ra sân từ đầu, Chanathip vắng mặt phần nào có ảnh hưởng nhưng các cầu thủ hôm nay đều chơi tốt và có triển vọng trong tương lai.\r\n\r\nDangda chưa có đủ 100% phong độ nhưng cậu ấy và Suphanat sẽ sẵn sàng ra sân ở trận đấu cuối cùng.\r\n\r\nChia sẻ về quyết định lựa chọn Kawin bắt chính ở trận đấu vừa qua thay vì Siwarak, HLV trưởng tuyển Thái Lan cho biết: \"Kawin đang chơi bóng ở châu Âu và có phong độ tốt. Đó là lý do tôi tin tưởng cậu ấy thay vì Siwarak”.\r\n\r\nĐánh giá về trận đấu này, HLV Sirisak chia sẻ: “Chúng tôi gặp vấn đề về lực lượng, khi nhiều cầu thủ quan trọng không thể ra sân. Thái Lan chơi chậm ở hiệp 1, nhưng chúng tôi đã kiểm soát tốt hơn ở hiệp 2.\r\n\r\nTrong bóng đá, thắng thua quyết định ở việc ghi bàn, kết quả cuối cùng dù xét toàn trận, chúng tôi không hề kém đội tuyển Việt Nam. Tôi chúc mừng đội tuyển Việt Nam, giờ họ là số 1 Đông Nam Á”.', 16, '15;16;4;21', 'Published', 0),
(30, 'Ông Tập Cận Bình: Trung Quốc đủ sức đối phó thách thức từ thương chiến', 'Chủ tịch Trung Quốc Tập Cận Bình tuyên bố nước này đủ khả năng và sự tự tin để đối phó với những thách thức từ cuộc chiến thương mại với Mỹ. ', 5, 0, 'tap-1559739401812.jpg', '2019-06-06', 'https://icdn.dantri.com.vn/thumb_w/640/2019/06/05/tap-1559739401812.jpg\r\n\r\nChia sẻ với báo Russian Gazette và hãng thông tấn Tass của Nga ngày 4/6 trước thềm chuyến thăm Nga, Chủ tịch Tập Cận Bình cho biết mặc dù tăng trưởng toàn cầu chậm lại kể từ đầu năm nay, song Trung Quốc vẫn đạt được sự tăng trưởng ổn định.\r\n\r\n“Chúng tôi hoàn toàn có đủ nguồn lực, khả năng và sự tự tin để đối phó với nhiều rủi ro và thách thức của cuộc chiến thương mại”, ông Tập Cận Bình nói, đồng thời cho biết sự tăng trưởng về kinh tế của Trung Quốc vẫn luôn “tốt, ổn định” và sẽ tiếp tục duy trì về lâu dài.\r\n\r\nChủ tịch Tập Cận Bình nói rằng sự cải thiện trong cấu trúc kinh tế của Trung Quốc đã thúc đẩy tính hiệu quả và tạo ra nền tảng cho sự tăng trưởng ổn định. Trung Quốc hiện là nước có dân số thuộc tầng lớp trung lưu đông nhất thế giới và điều này đã tạo ra nhu cầu rất lớn. Mức tiêu thụ trong nước chiếm tới hơn 76% tăng trưởng kinh tế của Trung Quốc.\r\n\r\nTheo SCMP, kinh tế Trung Quốc tăng trưởng 6,4% trong quý đầu năm 2019 và con số này không thay đổi so với 3 tháng cuối năm 2018. Tuy nhiên, tăng trưởng trong sản xuất công nghiệp và bán lẻ đã sụt giảm đáng kể vào tháng 4.\r\n\r\nCác số liệu trên được công bố trước khi Mỹ tăng mức áp thuế từ 10% lên 25% đối với 200 tỷ USD hàng nhập khẩu từ Trung Quốc vào Mỹ. Động thái này của Washington đã gia tăng thêm sức ép lên nền kinh tế Trung Quốc.\r\n\r\nTheo ngân hàng đầu tư Nhật Bản Nomura, sự thay đổi trong chuỗi cung ứng của các doanh nghiệp tại Trung Quốc để tránh tác động của cuộc chiến thương mại sẽ khiến GDP của Trung Quốc giảm 0,5% trong năm nay.\r\n\r\nTrung Quốc ngày 2/6 đã công bố sách trắng về thương mại, thể hiện lập trường chính thức của nước này về cuộc chiến thương mại. Bắc Kinh đã đổ trách nhiệm cho Washington khiến các cuộc đàm phán thương mại bị đổ vỡ.\r\n', 4, '21;20;24;14', 'Published', 0),
(31, 'Hà Lan phát triển máy bay thiết kế \"độc\", chở khách ở cánh', 'Hãng hàng không quốc gia Hà Lan KLM Royal Dutch Airline sẽ rót vốn để nghiên cứu phát triển máy bay thương mại hình chữ V, có thiết kế hiện đại với cabin hành khách, bình nhiên liệu và khoang hàng nằm dưới cánh nhằm tiết kiệm nhiên liệu.', 5, 0, 'may-bay-1-1559717630766.jpg', '2019-06-05', 'https://icdn.dantri.com.vn/thumb_w/640/2019/06/05/may-bay-1-1559717630766.jpg\r\n\r\nCác nhà nghiên cứu Hà Lan cho biết máy bay có tên gọi Flying-V có thể tiết kiệm 20% nhiên liệu so với mẫu Airbus 350-900, với số hành khách tương tự. Điều này đạt được nhờ thiết kế khí động học thông minh - phần thân tạo lực đẩy cho máy bay, giúp giảm lực cản trên không.\r\n\r\nMẫu máy bay trên là ý tưởng của Justin Benad, một cựu sinh viên Trường Đại học Kỹ thuật Berlin, và đang được phát triển bởi các nhà nghiên cứu tại Trường Đại học Khoa học Công nghệ ở Hà Lan.\r\n\r\nTrưởng dự án Roelof Vos cho biết đây là một bước tiến để ngành hàng không đạt được hiệu quả cao hơn trong khi công nghệ chế tạo máy bay chạy bằng điện vẫn đang còn sơ khai.\r\n\r\n“Ngành hàng không thải ra 2% lượng khí CO2 toàn cầu. Do ngành còn đang phát triển, chúng tôi cần  quan tâm tới việc sử dụng năng lượng xanh”, ông Vos nói với CNN.\r\n\r\n“Nhưng vì chưa thể điện năng hóa toàn bộ máy bay - máy bay chạy bằng điện quá nặng, không thể chở khách qua Đại Tây Dương được trong ít nhất 30 năm nữa, chúng tôi phải tìm ra những công nghệ mới để tiết kiệm nhiên liệu”, ông Vos giải thích.\r\n\r\nMáy bay trên có thể bắt đầu đi vào hoạt động từ giữa năm 2040 và 2050. Các nhà nghiên cứu dự định sẽ cho bay thử một mô hình cỡ nhỏ vào tháng 9 năm nay.', 5, '24;21;10;3', 'Published', 0),
(32, 'Người đàn ông Mỹ trúng số 344 triệu USD muốn đưa vợ về Việt Nam du lịch', 'Một người đàn ông Mỹ, người kết hôn với 1 phụ nữ Việt, đã thắng giải độc đắc trị giá 344,6 triệu USD nhờ đánh theo các con số có trong một chiếc bánh may mắn mà cháu gái ông đưa cho. Ông này cho biết muốn cùng vợ về Việt Nam du lịch sau khi trúng số. ', 5, 0, '143838227105677-imagea-181559704866834-1559726345557.jpg', '2019-06-05', 'https://icdn.dantri.com.vn/thumb_w/640/2019/06/05/143838227105677-imagea-181559704866834-1559726345557.jpg\r\n\r\nÔng Charles W. Jackson Jr, 66 tuổi, một nhân viên về hưu, ngày 4/6 đã tới trụ sở của công ty xổ số giáo dục North Carolina để nhận giải độc đắc 344,6 triệu USD, WRAL đưa tin.\r\n\r\nÔng đã mua tờ vé trúng thưởng ở cửa hàng Carlie C tại Hope Mills, hạt Cumberland, bang North Carolina hôm 1/6, ngay trước đợt rút thăm trúng thưởng.\r\n\r\nTại buổi họp báo công bố người chiến thắng, Jackson cho biết ông đã lựa một vài con số trong dãy số chiến thắng nhờ vào một chiếc bánh may mắn mà cháu gái ông nhận được từ nhà hàng Việt Nam.\r\n\r\nBánh may mắn là một loại bánh quy giòn, hình bán nguyệt bẻ gập ở giữa, thường được người làm đặt bên trong một tờ giấy nhỏ in một thông điệp động viên hay một câu danh ngôn nổi tiếng hoặc một dãy các con số. Đã từng có người dùng những con số này để mua vé số và trúng thưởng.\r\n\r\nÔng Jackson đã quyết định nhận luôn khoản tiền 223 triệu USD và tuyên bố ông sẽ ủng hộ cho một số tổ chức từ thiện. Sau khi trả toàn bộ các khoản thuế, ông nhận được khoản tiền là 158 triệu USD, theo WNCN-TV.  \r\n\r\nBan đầu, Jackson chỉ nghĩ rằng ông sẽ thắng 50.000 USD, nhưng khi so lại kết quả ông đã phát hiện ra mình trúng độc đắc. Phát biểu tại buổi họp báo, ông hy vọng rằng chiến thắng này sẽ không biến ông thành con người khác.\r\n\r\n“Tôi sẽ tiếp tục mặc quần jeans thôi, có thể tôi sẽ mua một vài cái mới”, ông chia sẻ.\r\n\r\nTheo USA Today, vợ ông Jackson là người Việt Nam. Jackson cho biết ông có thể sẽ dùng số tiền này để đưa vợ về Việt Nam, dù ông đã tới nước này 20 lần.  Ngoài ra, triệu phú này chưa có bất cứ một kế hoạch nào khác với số tiền ông vừa nhận được.\r\n\r\nJackson nói ông đã sử dụng đi sử dụng lại 5 số giống nhau để mua vé số Powerball và Mega Millions mỗi tuần, thỉnh thoảng ông thay đổi con số thứ 6.\r\n\r\nXác suất để trúng được cả 6 con số là rất thấp, vào khoảng 1 trên 292,2 triệu.', 6, '20;3;21;11', 'Published', 0);
INSERT INTO `news` (`news_id`, `Title`, `Summary`, `Writer_ID`, `Views`, `Thumbnail_image`, `Date`, `Content`, `Subcat_ID`, `Tag_ID`, `Status`, `Premium`) VALUES
(33, 'Đệm lò xo – người bạn chăm sóc giấc ngủ gia đình bạn!', 'Cột sống được ví như tấm khung vững chắc của cơ thể, vì thể việc nằm lâu trên một tấm đệm quá cứng hay quá mềm sẽ ảnh hưởng rất nhiều đến cột sống. Hãy để những chiếc đệm lò xo êm ái, thông thoáng và mềm mại tại Đệm Hồng cứu cánh cho nỗi băn khoăn này, mang lại giấc ngủ sảng khoái cho mọi người.', 6, 0, 'loxo-dan-tri-1-docx-1559708273221.jpg', '2019-06-06', 'Tham khảo sản phẩm đệm lò xo khuyến mại tại: https://demhong.com/dem-lo-xo/\r\n\r\nhttps://icdn.dantri.com.vn/thumb_w/640/2019/06/05/loxo-dan-tri-1-docx-1559708273221.jpeg\r\n\r\nĐệm lò xo – lựa chọn cho một giấc ngủ êm ái\r\n\r\nBên cạnh các bài tập hằng ngày hay một chế độ ăn uống khoa học, giàu dinh dưỡng thì một chiếc đệm lò xo cao cấp cũng là yếu tố quan trọng góp phần cải thiện chất lượng giấc ngủ, mang đến cho bạn và gia đình một giấc ngủ ngon và sâu. Cũng như mọi người đều biết ngủ ngon giấc luôn là một liều thuốc vô giá cho sức khỏe của cả thể chất lẫn tinh thần. Tuy nhiên không phải ai cũng biết cách và tìm hiểu kỹ để chọn mua được một chiếc nệm lò xo chất lượng.\r\n\r\nNằm ngủ trên một tấm đệm lò xo rẻ tiền, cũ kỹ sẽ không đảm bảo được độ đàn hồi, tạo cảm giác gồ ghề khi nằm và khó chịu nhất là mỗi khi trở mình. Ngoài ra nằm lâu ngày sẽ ảnh hưởng rất nhiều đến cột sống, là nguyên nhân dẫn tới các chứng bệnh thoái hóa đốt sống, đau lưng, mỏi cổ, tê nhức chân tay…gây nhiều phiền phức cho sức khỏe mỗi người.\r\n\r\nTrái lại với những chiếc đệm chất lượng, được sản xuất từ những nguyên liệu đạt chuẩn bạn sẽ thấy rõ cảm giác êm ái, thoải mái khi nằm, từ đó giấc ngủ được cải thiện đáng kể và còn đẩy lùi các bệnh về hô hấp, xương khớp và da liễu. Vì vậy bên cạnh đó đệm lò xo là lựa chọn cực kỳ lý tưởng cho dân văn phòng và các mẹ bầu, thường xuyên bị mất ngủ, mệt mỏi và căng thẳng.\r\n\r\nTuy nhiên giữa vô vàn địa chỉ bán đệm trên thị trường thì việc chọn được một chiếc nệm ưng ý là không phải dễ. Để tránh mua phải loại đệm kém chất lượng, người mua nên lựa chọn các hãng uy tín, nguồn gốc rõ ràng và đầy đủ giấy tờ.', 11, '21;10;20;17', 'Published', 1),
(34, 'Chết cười với những ngôi nhà “xấu hết phần người khác”', 'Sự sáng tạo, phá cách luôn là con dao hai lưỡi trong kiến trúc! Bên cạnh hàng loạt những công trình có hình dáng đặc biệt được thế giới vinh danh, thì những ngôi nhà dưới đây chính là minh chứng cho “xác suất rủi ro”.', 6, 0, 'nhaxau-1-1555507549426.jpg', '2019-06-14', 'https://icdn.dantri.com.vn/thumb_w/640/2019/04/17/nhaxau-1-1555507549426.jpg\r\n\r\nhttps://icdn.dantri.com.vn/thumb_w/640/2019/04/17/nhaxau-9-1555507549380.jpg\r\n\r\nhttps://icdn.dantri.com.vn/thumb_w/640/2019/04/17/nhaxau-3-1555507549406.jpg\r\n\r\nhttps://icdn.dantri.com.vn/thumb_w/640/2019/04/17/nhaxau-4-1555507549395.jpg\r\n\r\nhttps://icdn.dantri.com.vn/thumb_w/640/2019/04/17/nhaxau-5-1555507549299.jpg', 12, '22;12;2;4', 'Published', 0),
(35, '“Chị em hãy làm đẹp một cách tỉnh táo”', 'Là phụ nữ, ai cũng muốn đẹp, không đẹp tự nhiên thì đẹp bằng can thiệp, đẹp rồi lại muốn đẹp hơn nữa, có người phẫu thuật hàng chục lần vẫn chưa thoả mãn. Và nếu cứ luẩn quẩn trong vòng quay tham lam đó mà không biết dừng lại, không tìm hiểu kỹ thì sẽ rất dễ lâm vào cảnh tiền mất tật mang, lành thành què”, đó là chia sẻ thẳng thắn của Thạc sĩ, bác sĩ thẩm mỹ Cao Ngọc Duy, Phó Trưởng khoa Phẫu thuật tạo hình, Bệnh viện đa khoa Đức Giang (Long Biên, Hà Nội).', 6, 0, 'bs-cao-duy-o-kdocx-1551262098143.jpg', '2019-06-16', 'Biến chứng do tiêm filler có lẽ là tai nạn thường gặp nhất khi chị em đi làm đẹp. Nhưng đây cũng là phương pháp được lựa chọn nhiều nhất, theo bác sĩ vì sao?\r\n\r\nFiller, hay còn gọi là “chất làm đầy”, được phát minh ra sau silicone lỏng. Mục đích khi tiêm chất làm đầy là làm đầy vùng hõm, nhăn của gương mặt và cơ thể. Ngoài ra chất làm đầy còn được dùng để tạo hình vùng mũi, cằm để mũi cao hơn, cằm nhọn hơn và đầy đặn hơn mà không cần dùng đến dao kéo, phẫu thuật. Việc không phải dao kéo khiến nhiều người lựa chọn phương pháp này vì cho rằng nó an toàn và hiệu quả.\r\n\r\nhttps://icdn.dantri.com.vn/thumb_w/640/2019/03/07/img-1385-1551948313723.jpg\r\n\r\nTheo lời quảng cáo của các thẩm mỹ viện, spa thì tiêm filler là dịch vụ làm đẹp có sức mạnh giúp con người “cải lão hoàn đồng”... Bác sĩ đánh giá như thế nào về điều này?\r\n\r\nMặc dù không phải can thiệp phẫu thuật nhưng hiệu quả của tiêm filler chỉ đem lại trong thời gian ngắn. Bên cạnh đó, nó tiềm ẩn nhiều rủi ro khi trên thị trường có nhiều filler không rõ nguồn gốc, lại được sử dụng tràn lan ở các spa nhỏ lẻ, nên nhiều khi khách hàng sẽ không thể biết mình đang được tiêm vào người dung dịch gì. Đã từng có nhiều ca tiêm filler bị biến chứng đến gặp tôi để nhờ tôi xử lý, với biểu hiện viêm nhiễm, sưng đau, tấy đỏ, thậm chí hoại tử... Nguy hiểm hơn, tiêm nâng mũi có nguy cơ gây mù mắt, nguy hiểm hơn có những cục máu đông có thể gây tai biến, đột quỵ, chết não. Cho nên, chị em làm đẹp cũng cần phải tỉnh táo để tránh chưa kịp đẹp đã bỏ mạng.\r\n\r\nNhìn thì đơn giản nhưng nếu filler không đạt chất lượng hoặc tay nghề bác sĩ không tốt thì rất nguy hiểm. Với các thẩm mỹ viện uy tín hay bệnh viện lớn như chúng tôi thì không khuyến khích khách hàng sử dụng phương pháp này, đặc biệt là nâng mũi bằng tiêm filler. Chúng tôi vẫn khuyên khách hàng nên phẫu thuật nâng mũi để đạt hiệu quả đẹp, bền và an toàn hơn. Mặc dù những sản phẩm chúng tôi sử dụng đều được cấp phép của Bộ Y Tế, được công ty chính hãng nhập về chứ không phải hàng trôi nổi như trên thị trường. Bản thân chúng tôi cũng đã phải trải qua các buổi đào tạo của hãng, thậm chí cả tu nghiệp nước ngoài về dịch vụ tiêm filler. Trong quá trình học, chúng tôi biết được những vùng nào an toàn để tiêm, bởi trên vùng mặt có rất nhiều mạch máu thần kinh, nếu không hiểu rõ thì rất dễ gây biến chứng khôn lường.\r\n\r\nhttps://icdn.dantri.com.vn/thumb_w/640/2019/02/27/bs-cao-duy-o-kdocx-1551262098143.jpeg\r\n\r\nThế còn những kỹ thuật tiêm filler, cấy chỉ với những cái tên rất kêu như căng da mặt bằng chỉ vàng, tiêm filler 3D, 4D, S-line... vẫn xuất hiện ở các thẫm mỹ viện, spa? Trong y văn, có những phương pháp này không, thưa bác sĩ?\r\n\r\nTiêm filler, chất làm đầy hay căng chỉ đều là những xu hướng thẩm mỹ mới xuất hiện những năm gần đây, còn trước đây y văn không có dịch vụ này. Những tên gọi khác nhau chỉ là để bắt tai hơn, gây chú ý để thu hút khách hàng hơn chứ bản chất thì không thay đổi.\r\n\r\nLà một bác sĩ thẩm mỹ, anh đánh giá như thế nào về xu hướng can thiệp để làm đẹp hiện nay của chị em phụ nữ?\r\n\r\nTrước đây, khách hàng có xu hướng lựa chọn thẩm mỹ không phẫu thuật, ví dụ như tiêm filler, tiêm chất làm đầy, căng chỉ... nhưng vài năm trở lại đây, xu hướng đó không còn được ưa chuộng nhiều nữa, mà mọi người thường tìm đến phẫu thuật thẩm mỹ và lựa chọn những địa chỉ uy tín để thẩm mỹ cho an toàn, hiệu quả. Thường thì các bạn hay đến bệnh viện vì bệnh viện đầy đủ tiện nghi, trang thiết bị, dịch vụ tốt...\r\n\r\nTheo anh, phẫu thuật thẩm mỹ có phải là lựa chọn tốt nhất cho các chị em muốn hoàn thiện vẻ đẹp hình thức?\r\n\r\nVới các bạn có nhu cầu chỉnh sửa nhan sắc hoặc bị khuyết tật trên mặt hay cơ thể thì phẫu thuật thẩm mỹ là lựa chọn hàng đầu, vì nó sẽ chỉnh sửa tối đa những nhược điểm, khiếm khuyết của họ. Vấn đề cần quan tâm là lựa chọn địa chỉ uy tín sao cho an toàn và hiệu quả.\r\n\r\nhttps://icdn.dantri.com.vn/thumb_w/640/2019/02/27/bs-cao-duy-o-kdocx-1551262098261.jpeg\r\n\r\nMột hoa hậu từng tuyên bố nhan sắc của cô “lột xác” so với ngày xưa là nhờ “bấm huyệt” chứ không cần đến phẫu thuật thẩm mỹ. Anh có biết đến phương pháp này?\r\n\r\nTôi cũng có nghe nói đến những phương pháp làm đẹp bằng bấm huyệt, bằng massage nhưng trên y văn thì không hề thấy thông tin về vấn đề này, có chăng chỉ là một cách làm đẹp da trong thời khắc đấy thôi, chứ không thể thay đổi được khung xương, thu hẹp cằm, nâng mũi hay làm mí mắt to hơn...\r\n\r\nHơn 10 năm trong nghề, chưa kể 10 năm học đại học và sau đại học về chuyên ngành phẫu thuật tạo hình, phẫu thuật thẩm mỹ. Theo anh, một bác sĩ thẩm mỹ cần có những tố chất gì?\r\n\r\nỞ bệnh viện, ngoài các khách hàng nữ đến làm đẹp, chúng tôi còn xử lý các ca dị tật, bị u cục bất thường... để mang lại cho mọi người sự hoàn thiện nhất có thể.\r\n\r\nCó những ca mổ kéo dài hàng mấy tiếng đồng hồ. Có những em bé mới 6 tháng tuổi thôi nhưng đã phải can thiệp rồi. Bác sỹ tạo hình thẩm mỹ ngoài cái tâm, cái tầm thì còn cần phải có một cái đầu, một tâm hồn nghệ sĩ, khả năng sáng tạo, nắm bắt xu hướng, phải xem mỗi khách hàng như một tác phẩm nghệ thuật. Nắn nót từng đường kim mũi chỉ sao cho mang lại hiệu quả cao nhất và an toàn nhất đến với khách hàng.\r\n\r\nXin cảm ơn anh!', 13, '4;5;9;10', 'Published', 0),
(36, 'IRIS SCHOOL - Ngôi trường được kiến tạo bởi những nhà giáo dục tâm huyết', 'Trường Mầm non IRIS, Trường Tiểu học, THCS và THPT IRIS (IRIS SCHOOL) được thành lập và chính thức đi vào hoạt động từ năm học 2019 - 2020, đánh dấu sự xuất hiện lần đầu tiên của một môi trường giáo dục theo tiêu chuẩn quốc tế tại Thái Nguyên. Đây là niềm vui thật đáng chờ đợi của phụ huynh học sinh và các gia đình không chỉ tại Thái Nguyên nói riêng mà còn là với các tỉnh thành lân cận trong khu vực nói chung.', 7, 0, 'thai-nguyen-suadocx-1559633782488.jpg', '2019-06-12', 'https://icdn.dantri.com.vn/thumb_w/640/2019/06/04/thai-nguyen-suadocx-1559633782191.png\r\n\r\nCâu chuyện người kiến tạo tiên phong IRIS SCHOOL\r\n\r\nĐể có được một ngôi trường hiện đại, tiên tiến và nhân văn như IRIS SCHOOL, đòi hỏi phải đồng thời hội tụ rất nhiều điều kiện, trong đó phải nói đến sự nỗ lực của những người tâm huyết. Đây là thành quả từ sự chung tay, chung sức, đồng tâm, đồng lòng của những người cùng quan điểm, cùng chí hướng. Và, nổi bật nhất trong đó phải nói đến là vai trò của người kiến tạo tiên phong. Ở đây, chúng tôi muốn chia sẻ những câu chuyện về TS. Bạch Phương Vinh - Tổng Hiệu trưởng Nhà trường.\r\n\r\nNhà giáo Bạch Phương Vinh là Tiến sĩ về khoa học giáo dục, từng có hơn mười năm kinh nghiệm giảng dạy và quản lí, với các công việc từng đảm nhiệm như giảng viên khoa Toán - Trường Đại học Sư phạm Thái Nguyên, Trưởng phòng Kinh doanh & Phát hành - Nhà xuất bản Đại học Thái Nguyên. Dù công tác trong môi trường giáo dục đại học, nhưng chị không khỏi trăn trở với ước muốn xây dựng tại quê nhà Thái Nguyên một ngôi trường giáo dục phổ thông tiên phong trong đổi mới, bắt nhịp xu hướng hội nhập quốc tế. Ý tưởng ấy như hòn than bao năm ủ nóng trong lòng, tích tụ nhiệt lượng chờ ngày được bùng cháy. Sau nhiều năm nung nấu và chuẩn bị, đến năm 2019, ý tưởng và ước muốn của chị đã được hiện thực hóa khi IRIS SCHOOL chính thức được thành lập và đi vào hoạt động.\r\n\r\nhttps://icdn.dantri.com.vn/thumb_w/640/2019/06/04/thai-nguyen-suadocx-1559633782488.jpeg\r\n\r\nĐằng sau một thành quả bao giờ cũng là nỗ lực mang tính quá trình. Để IRIS SCHOOL được hình thành và ra đời như ngày hôm nay là cả một câu chuyện dài với không ít khó khăn nhưng bao giờ cũng luôn tràn đầy hứng khởi, tin tưởng và hi vọng.\r\n\r\nLàm giáo dục là một trong những công việc phức tạp bậc nhất. Sản phẩm của giáo dục là con người. Mục tiêu của một nhà trường đích thực không nằm ở câu hỏi “các học trò sẽ trở thành ai, sẽ làm nghề gì”, mà nó phải trả lời cho câu hỏi “các học trò sẽ trở thành người như thế nào”? TS Bạch Phương Vinh thấu hiểu rằng làm giáo dục là một quá trình gian nan nhưng vô cùng ý nghĩa và hạnh phúc, cho nên khi bắt tay xây dựng và quyết định triển khai dự án giáo dục của mình, chị xác định đây sẽ là một hành trình rất xa vừa nhiều thử thách nhưng cũng vừa nhiều hứa hẹn đang vẫy gọi. Nếu hỏi rằng điều gì là “bảo bối” quý giá nhất trong hành trang để tạo động lực cho chị trong hành trình này, có lẽ đó không gì khác chính là Đam Mê - Tâm Huyết.\r\n\r\nhttps://icdn.dantri.com.vn/thumb_w/640/2019/06/04/thai-nguyen-suadocx-1559633782613.jpeg\r\n\r\nNgười thầy trung bình chỉ biết truyền đạt, người thầy giỏi biết giải thích, người thầy xuất chúng biết minh họa, còn người thầy tâm huyết thì biết cách truyền cảm hứng. Thời đại phát triển và hội nhập như ngày nay, rất cần những người thầy tâm huyết, không chỉ truyền thụ cho người học các cách tư duy, kiến thức, phương pháp, kỹ năng… mà còn phải truyền được cảm hứng đủ độ để có thể đồng hành với người học, giúp người học tự mình trưởng thành và hạnh phúc. TS Bạch Phương Vinh là một nhà giáo trẻ, độ tuổi mà có lẽ người ta giàu cảm hứng, đam mê và dám dấn thân nhất trong đời. Có lẽ, cũng chính vì thế, khi thành lập IRIS SCHOOL, một trong những điều chị đặc biệt đề cao đó là việc kiến tạo nên một môi trường thực sự thổi lên nguồn cảm hứng cho người học. Điều đó không chỉ đến từ nội dung và hoạt động giáo dục của nhà trường, mà nó còn được tạo nên bởi phong cách, không khí dạy và học, sự trân trọng của nhà trường dành cho học trò, sự đồng hành của nhà trường với gia đình, tất cả sẽ mở ra những giá trị tích cực nhất để các em được trải nghiệm và tự tin vững vàng bước ra những cánh cửa cuộc sống.\r\n\r\nHành trình kiến tạo IRIS SCHOOL\r\n\r\nĐể nỗ lực cho những giá trị tích cực như thế, chị và những đồng sự của mình đã có một quá trình chuẩn bị không hề đơn giản. Nó hướng đến những vấn đề lớn về triết lý, quan điểm, chương trình, phương thức, mô hình, đội ngũ cán bộ và giáo viên, đối tác tư vấn và hợp tác..., nhưng lại phải bắt đầu từ những vấn đề rất cụ thể như phòng ốc, trang thiết bị, trang phục, xe cộ đưa đón, hệ thống bếp ăn... Hoặc một vấn đề đặc biệt quan trọng và thú vị, đó là chuyện chọn đặt tên nhà trường. Chỉ riêng chuyện này, chị đã phải nghiên cứu không biết bao nhiêu tư liệu, từ cơ sở tổng hợp các vấn đề đã tìm hiểu, dựa trên những mục đích và tiêu chuẩn của nhà trường để lên các phương án đặt tên. Cuối cùng, cái tên “IRIS” là phương án được lựa chọn, nó vừa thể hiện trong đó triết lý giáo dục và mục tiêu của nhà trường (Independence - Tự chủ; Respect - Tôn trọng; Integrity - Chính trực); Service - Cống hiến), vừa là một biểu tượng giàu ý nghĩa (Nữ thần cầu vồng, người đưa tin - kết nối - truyền cảm hứng), lại mang những vẻ đẹp đặc biệt (Hoa diên vĩ - loài hoa mang đến niềm hy vọng; biểu tượng của lòng trung thành, sự khôn ngoan và dũng cảm; được coi như ngọn lửa của đam mê và nhiệt huyết). Vậy mới thấy, bên trong một cái tên đã khơi dậy biết bao câu chuyện đầy cảm hứng.\r\n\r\nhttps://icdn.dantri.com.vn/thumb_w/640/2019/06/04/thai-nguyen-suadocx-1559633782706.png\r\n\r\nMột trong những vấn đề mà TS Bạch Phương Vinh đặc biệt quan tâm, đó là làm sao để tạo ra một môi trường đủ tầm bắt nhịp với quốc tế để từ đó giúp học sinh có thể thực sự đủ tự tin bước ra cùng thế giới. Chị suy nghĩ và quyết định bắt đầu ngay từ sự bắt nhịp trong tư duy giáo dục. Để có thể tiếp cận và học hỏi được những quan điểm và cách làm tiên tiến, hiệu quả của thế giới, chị đã tự mình “lặn lội” đến Phần Lan, Ba lan, Anh, Úc, Singapore… - những đất nước rất thành công bởi có nền giáo dục thực sự phát triển. Một trong những kết quả tuyệt vời mà chị đạt được là sự hợp tác với tổ chức giáo dục Vương quốc Anh PEARSON EDEXCEL, giúp cho IRIS SCHOOL trở thành trung tâm khảo thí của PEARSON EDEXCEL đầu tiên tại Thái Nguyên, để học sinh ở đây được tiếp cận với chương trình giáo dục đẳng cấp quốc tế, và các IRISER có thể sở hữu bằng IGCSE và bằng tú tài A-level, tạo ra một nền tảng phổ thông tốt nhất để các em hướng nghiệp tương lai trong thời đại hội nhập.\r\n\r\nhttps://icdn.dantri.com.vn/thumb_w/640/2019/06/04/thai-nguyen-suadocx-1559633782797.jpeg\r\n\r\nNói về sự học hỏi và hợp tác với các nền giáo dục tiên tiến trên thế giới, chị chia sẻ, dù đã đọc và nghiên cứu về họ, nhưng không gì bằng được trực tiếp trải nghiệm. Các chuyến đi của chị luôn đầy ắp các câu hỏi, mỗi câu hỏi của chị lại đặt ra những trao đổi để tìm ra vấn đề. Cứ mỗi lần trao đổi, trực tiếp chứng kiến và tìm hiểu như thế, chị lại nhận thấy những vấn đề mới đầy thú vị cần giải quyết. Tất nhiên, chị cũng luôn nhấn mạnh, hiểu cách làm của thế giới là một chuyện, còn việc chọn lọc và áp dụng như thế nào cho dự án giáo dục của IRIS SCHOOL lại là một chuyện khác, bởi mỗi đất nước mỗi vùng miền địa phương có điều kiện văn hóa và đặc thù xã hội khác nhau, làm sao cho phù hợp và hiệu quả nhất với mình mới là vấn đề quan trọng.\r\n\r\nIRIS SCHOOL đã xuất hiện, đem lại một luồng gió mới cho giáo dục phổ thông tại Thái Nguyên cũng như các tỉnh lân cận trong khu vực. Không còn là mơ ước trong suy nghĩ nữa, một ngôi trường tiêu chuẩn quốc tế đã trở thành hiện thực tại Thái Nguyên, với các yếu tố từ cơ sở vật chất đến chương trình giáo dục - quan điểm và triết lý - phương thức và mô hình, tất cả đều hiện đại, nhân văn và tiên tiến. Xin được cảm ơn và chúc mừng những nhà giáo dục tâm huyết của nhà trường.\r\n\r\nMột ngôi trường như IRIS SCHOOL không chỉ đơn thuần là một ngôi trường, mà đó còn là một tâm nguyện, một mơ ước, một sự dấn thân cống hiến, đồng thời còn là một sự khởi động cho những đổi thay trong nhìn nhận và quan niệm giáo dục, để cùng hướng tới phát triển và hội nhập.\r\n\r\nNhiều khát vọng đang vẫy gọi những người kiến tạo như TS Bạch Phương Vinh. Và đến lượt mình, chị cũng lại đang cùng IRIS SCHOOL vẫy gọi các bạn trẻ để cùng bước vào hành trình mới.', 17, '13;24;15;5', 'Published', 0),
(37, 'Quảng Ngãi: 111 học sinh trải nghiệm làm chiến sĩ', 'Ngày 4/6, Tỉnh đoàn Quảng Ngãi và Bộ Chỉ huy Quân sự tỉnh phối hợp tổ chức chương trình Học kỳ quân đội với chủ đề \"Hành quân theo chân Bác\".', 7, 0, 'hinh-1-1559622111705.jpg', '2019-06-12', 'Đợt này, có 111 học sinh tham gia chương trình Học kỳ quân đội. Chương trình huấn luyện sẽ kéo dài trong 6 ngày tại Đại đội huấn luyện thuộc Trung đoàn 887, Bộ Chỉ huy Quân sự tỉnh (xã Hành Đức, huyện Nghĩa Hành).\r\n\r\nTham gia khóa huấn luyện, các \"chiến sĩ nhí\" sẽ được học tập, rèn luyện tính kỷ luật, tinh thần đoàn kết của Quân đội nhân dân Việt Nam. Các em còn được huấn luyện những kỹ năng như thoát hiểm, bảo vệ bản thân, xử lý vết thương, phân biệt thực phẩm độc, kỹ năng giải quyết mâu thuẫn và vượt qua khó khăn.\r\n\r\nhttps://icdn.dantri.com.vn/thumb_w/640/2019/06/04/hinh-1-1559622111705.jpg\r\n\r\nTheo anh Cao Lê Tùng Nghĩa - Phó Bí thư Tỉnh đoàn, Chủ tịch Hội đồng Đội tỉnh Quảng Ngãi, Học kỳ quân đội là mô hình giáo dục tổng hợp thông qua sự rèn luyện, trải nghiệm thực tế, giúp cho các em thiếu nhi làm quen với môi trường quân đội, rèn luyện tốt ý thức tổ chức kỷ luật, ý chí kiên cường.\r\n\r\nQua hoạt động này, các em còn được bồi dưỡng những kỹ năng sống, kỹ năng thực hành xã hội giúp các em tự tin, trách nhiệm hơn với bản thân, biết quan sát, nhận biết, phán đoán và xử lý các tình huống phát sinh trong cuộc sống.', 18, '21;11;16;3', 'Published', 0),
(41, 'Rượu bia không bị hạn chế thời gian bán, vốn hoá Sabeco, Habeco tăng hàng nghìn tỷ đồng', 'Phương án bổ sung quy định thời gian cấm bán rượu, bia để tiêu dùng tại chỗ từ 22h đến 8h sáng hôm sau và phương án cấm điều khiển phương tiện giao thông mà trong máu hoặc khí thở có nồng độ cồn, đều không được đại biểu Quốc hội đồng ý bổ sung vào Luật phòng chống tác hại của rượu, bia. Sau tin này, cổ phiếu Sabeco và Habeco đều tăng mạnh. ', 1, 0, 'ruou-bia-1557911037799.jpg', '2019-06-15', 'Trong phiên giao dịch hôm qua (4/6), thị trường trải qua đợt rung lắc mạnh và các chỉ số đóng cửa với trạng thái trái chiều. VN-Index ghi nhận mức tăng 4,69 điểm tương ứng 0,5% lên 951,16 điểm, tức đã giành lại được mốc 950 điểm. Đây cũng là phiên tăng trở lại đầu tiên của VN-Index sau 5 phiên liên giảm điểm. Trong khi đó, HNX-Index lại giảm 0,22 điểm tương ứng 0,22% còn 103,06 điểm.\r\n\r\nTuy vậy, nhìn trên quy mô thị trường thì độ rộng vẫn đang nghiêng về các mã tăng. Có 326 mã tăng giá, 47 mã tăng trần so với 264 mã giảm và 26 mã giảm sàn.\r\n\r\nTrong phiên này, BID có đóng góp đáng kể nhất cho chỉ số. Mã này bứt tốc vào những phút cuối phiên và đạt mức tăng bất ngờ 4,6% mang lại cho VN-Index tới 1,43 điểm. Bên cạnh đó, VCB, SAB, PLX, VRE, GAS… cũng có ảnh hưởng tích cực. Ngược lại, TCB, VJC, CTD… lại sụt giá và kìm hãm mức tăng của VN-Index.\r\n\r\nNhóm cổ phiếu dầu khi sau những phiên sụt mạnh đã đồng loạt phục hồi: PVD tăng 2,3%; PLX tăng 1,5%; PVS tăng 0,5%; GAS tăng 0,6%... Tương tự với nhóm thuỷ sản: CMX tăng 3,2%; ACL tăng 2,6% và ANV tăng 1,1%...\r\n\r\nĐiểm yếu của thị trường tiếp tục là thanh khoản. Trên sàn HSX có tổng cộng 162,39 triệu cổ phiếu được giao dịch tương ứng giá trị giao dịch 3.350,07 tỷ đồng. Con số này trên HNX là 16,57 triệu cổ phiếu tương ứng 216,43 tỷ đồng.\r\n\r\nhttps://icdn.dantri.com.vn/thumb_w/640/2019/05/15/ruou-bia-1557911037799.jpg\r\n\r\nCổ phiếu của hai “ông lớn” ngành bia là BHN của Habeco và SAB của Sabeco trong phiên hôm qua tăng giá mạnh. BHN tăng 3.800 đồng lên 102.800 đồng và SAB tăng 3.000 đồng lên 273.000 đồng.\r\n\r\nNhư vậy, chỉ riêng SAB đã tăng 5 phiên liên tiếp, tổng mức tăng 8.000 đồng mỗi cổ phiếu, tương ứng 3,02% và vốn hoá thị trường Sabeco tăng thêm hơn 8.336 tỷ đồng. Còn với BHN, mã này đã khởi động 2 phiên đầu tuần thuận lợi, tổng mức tăng 4.800 đồng mỗi cổ phiếu, vốn hoá tăng hơn 1.112 tỷ đồng.\r\n\r\nGiá cổ phiếu ngành bia dường như đang có phản ứng tích cực sau thông tin phương án bổ sung quy định thời gian cấm bán rượu, bia để tiêu dùng tại chỗ từ 22h đến 8h sáng hôm sau và phương án cấm điều khiển phương tiện giao thông mà trong máu hoặc khí thở có nồng độ cồn, đều không được đại biểu Quốc hội đồng ý bổ sung vào Luật phòng chống tác hại của rượu, bia.\r\n\r\nVề việc hạn chế thời gian bán rượu, bia để tiêu dùng tại chỗ, có hai phương án được đưa ra là bổ sung quy định \"thời gian cấm bán rượu, bia để tiêu dùng tại chỗ từ 22h đến 8h sáng hôm sau\"; hoặc \"không quy định về việc hạn chế thời gian bán rượu, bia để tiêu dùng tại chỗ\". Cả hai phương án đều không đạt được quá bán 50% ý kiến đại biểu Quốc hội đồng ý.\r\n\r\nTheo VDSC, hôm qua, VN-Index phục hồi nhẹ với thanh khoản thấp trong khi HNX-Index tiếp tục giảm điểm - nhiều dấu hiệu cho thấy đây có thể là nhịp “bulltrap” (bẫy tăng giá). Rủi ro ngắn hạn vẫn đang hiện hữu và nhà đầu tư ưu tiên quản trị rủi ro danh mục thay vì cố gắng tìm kiếm lợi nhuận.\r\n\r\nCòn BVSC thì dự báo, VN-Index sẽ tiến đến thử thách vùng kháng cự 958-963 điểm trong một vài phiên kế tiếp. Tuy vậy, đồng quan điểm với nhóm phân tích của VDSC, các chuyên gia BVSC cũng cảnh báo, sau nhịp lao dốc mạnh của thị trường trước đó thì các phiên tăng điểm của chỉ số vẫn chỉ được xem là các nhịp hồi mang tính kỹ thuật.\r\n\r\nRủi ro giảm điểm của thị trường trong ngắn hạn vẫn đang hiện hữu và chúng tôi vẫn lưu ý đến kịch bản chỉ số có thể giảm về vùng hỗ trợ 930-940 điểm, trước khi phát đi những tín hiệu hồi phục một cách rõ nét hơn.\r\n\r\nDòng tiền sẽ tập trung sự chú ý vào các nhóm cổ phiếu giảm sâu trong giai đoạn vừa qua và đã lùi về các vùng hỗ trợ. Nhóm cổ phiếu dầu khí có thể xuất hiện một vài phiên hồi phục song BVSC đánh giá xu hướng giảm của nhóm ngành này sẽ còn tiếp diễn với các vùng hỗ trợ sâu hơn trong ngắn hạn.', 1, '3;14;16;17', 'Published', 0),
(38, 'Thanh niên Bình Định góp tiền xây nhà cho hộ nghèo', 'Trong Chiến dịch Thanh niên tình nguyện hè năm 2019, thanh niên tỉnh Bình Định sẽ xây dựng 11 nhà nhân ái, nhà khăn quàng đỏ cho người nghèo…', 7, 0, '1-1559403701506.jpg', '2019-06-10', 'https://icdn.dantri.com.vn/thumb_w/640/2019/06/01/1-1559403701506.jpg\r\n\r\nNgày 1/6, tại Trường THCS Bình Định (thị xã An Nhơn, tỉnh Bình Định), Tỉnh đoàn Bình Định tổ chức lễ khởi động Chiến dịch Thanh niên tình nguyện hè và hưởng ứng “Tháng hành động vì trẻ em” năm 2019 với sự tham gia của gần 700 em học sinh, sinh viên, đoàn viên thanh niên, cán bộ, chiến sĩ...\r\n\r\nTại buổi lễ, Ban tổ chức đã trao tặng 13 suất quà (mỗi suất trị giá 1 triệu đồng và 1 thùng sữa) cho các em thiếu nhi và 10 suất quà (mỗi suất trị giá 500.000 đồng) cho các hộ gia đình chính sách.\r\n\r\nhttps://icdn.dantri.com.vn/thumb_w/640/2019/06/01/4-1559403700968.jpg\r\n\r\nDịp này, Tỉnh đoàn Bình Định cũng trao kinh phí xây dựng cầu nông thôn tại huyện Phù Cát với tổng trị giá 550 triệu đồng.\r\n\r\nĐặc biệt, Tỉnh đoàn Bình Định phối thị đoàn thị xã An Nhơn đã khởi công xây dựng “Nhà khăn quàng đỏ” cho gia đình chị Nguyễn Thị Thu Thảo, có hoàn cảnh đặc biệt khó khăn tại xã Nhơn Mỹ (thị xã An Nhơn) với tổng kinh phí 80 triệu đồng.\r\n\r\nhttps://icdn.dantri.com.vn/thumb_w/640/2019/06/01/2-1559403701547.jpg\r\n\r\nGia đình chị Thảo thuộc diện hộ nghèo ở địa phương, nhà cửa không có phải ở nhà cha mẹ chồng. Trong khi đó, chồng chị bị tai nạn giao thông mất nhiều năm qua, một mình chị nuôi 3 con nhỏ ăn học nên kinh tế vô cùng khó khăn.\r\n\r\nCũng trong ngày, huyện đoàn Tây Sơn tổ chức chương trình ký ức tuổi thơ cho hơn 500 ĐVTN, học sinh trên địa bàn huyện; trao tặng 10 suất quà cho 10 em học sinh có hoàn cảnh khó khăn; trao tặng 1 nhà nhân ái trị giá 50 triệu đồng\r\n\r\nhttps://icdn.dantri.com.vn/thumb_w/640/2019/06/01/7-1559403701447.jpg\r\n\r\nTheo chị Huỳnh Thị Anh Thảo  Phó Bí thư Tỉnh đoàn, Chủ tịch Hội đồng Đội tỉnh, nguồn kinh phí để xây dựng nhà “Khăn quàng đỏ” được Hội đồng Đội tỉnh và thị đoàn xã An Nhơn lấy nguồn từ Ngày hội “Vì bạn” được tổ chức hàng năm. Tại ngày hội sẽ có các gian hàng, đồ lưu niệm, sách, ẩm thực… do chính các em quyên góp gây quỹ và của nhà tài trợ ủng hộ.\r\n\r\n“Phong trào “Vì bạn” không chỉ tạo sân chơi cho các em thiếu niên, qua đó giúp các em phát huy được tinh thần tương thân, tương ái, giúp đỡ những hoàn cảnh khó khăn. Các em vừa được vui chơi vừa có thể đóng góp 1 chút công sức của mình để giúp các bạn có hoàn cảnh khó khăn”, chị Thảo chia sẻ.\r\n\r\nhttps://icdn.dantri.com.vn/thumb_w/640/2019/06/01/5-1559403700944.jpg\r\n\r\nChiến dịch Thanh niên tình nguyện hè 2019, tại tỉnh Bình Định có chủ đề: Thanh niên tình nguyện vì cộng đồng diễn ra từ ngày 1/6 - 31/8, gồm có Chương trình Tiếp sức mùa thi và 4 chiến dịch: Mùa hè xanh, Hoa phượng đỏ, Hành quân xanh và Kỳ nghỉ hồng.\r\n\r\nCụ thể, thanh niên tỉnh Bình Định sẽ tập trung hoàn thành một số chỉ tiêu như: Xây dựng 11 nhà nhân ái hoặc nhà khăn quàng đỏ, 5 km đường bê tông nông thôn, 15 km “Thắp sáng đường quê”; Tổ chức tập huấn, chuyển giao tiến bộ khoa học kỹ thuật cho 1.500 đoàn viên, thanh niên; Tổ chức khám, chữa bệnh và cấp phát thuốc miễn phí cho 2.000 người dân...\r\n\r\nTỉnh đoàn Bình Định đã thành lập 5 đội hình thanh niên tình nguyện chuyên ngành để thực hiện các chỉ tiêu nói trên.\r\n\r\nhttps://icdn.dantri.com.vn/thumb_w/640/2019/06/01/3-1559403701052.jpg\r\n\r\nPhát biểu tại buổi lễ, Phó Chủ tịch UBND tỉnh Bình Định Nguyễn Tuấn Thanh kêu gọi đoàn viên, thanh niên căn cứ vào các yêu cầu, nhiệm vụ phát triển kinh tế - xã hội của địa phương, nhu cầu của người dân và thanh thiếu niên trên địa bàn để xây dựng kế hoạch, chương trình hoạt động của chiến dịch tình nguyện hè thiết thực, có chiều sâu.\r\n\r\n“Các hoạt động triển khai trong chiến dịch cần quan tâm những vấn đề bức thiết hiện nay như: bảo bệ môi trường, an toàn giao thông, giữ gìn an ninh trật tự, hỗ trợ thanh niên trong lập thân, lập nghiệp, xây dựng nông thôn mới, tổ chức các hoạt động sinh hoạt hè, hướng dẫn bơi lội, chống xâm hại trẻ em…”, ông Thanh nhấn mạnh.', 19, '2;12;25;6', 'Published', 1),
(39, 'Thầy giáo dặn học sinh lớp 9: “Thi xong đừng gọi cho thầy!”', 'Sau buổi thi, phụ huynh đừng vội hỏi con \"Có làm được bài không\" mà thay vào đó hãy hỏi: \"Con có mệt không? Con đói không? Con uống trà sữa không?\" sẽ giúp các em thoải mái, bớt áp lực rất nhiều.', 8, 0, 'thay-bao-1-1559347597704.jpg', '2019-06-12', 'Thay cho những lời dặn các con phải ôn bài thế nào, xem bài ra làm sao, khi vào phòng thi phải ghi nhớ điều gì, thầy Võ Kim Bảo, giáo viên Trường THCS Nguyễn Du, Q.1, TPHCM gửi đến những điều \"xin đừng\" đến với học sinh lớp 9 và cả phụ huynh các em trước ngày hơn 80.000 thí sinh bước vào khi thi lớp 10 căng thẳng.\r\n\r\nThầy xin một ngày các em không internet\r\n\r\nThầy Võ Kim Bảo dặn dò các học trò của mình, làm xong bài thi môn đầu tiên, các em hãy lặng lẽ ra khỏi phòng thi, có thể không cần phải nói lời nào với ai, đi thẳng về.\r\n\r\nhttps://icdn.dantri.com.vn/thumb_w/640/2019/06/01/thay-bao-1-1559347597704.jpg\r\n\r\nĐừng vội trao đổi đáp án với bạn, đừng lên mạng xem đáp án, cũng đừng gọi ngay cho thầy cô để hỏi xem mình làm bài có đúng không. Xin đừng các em nhé! Nếu kết quả không được như ý, liệu các em có đủ tinh thần để thi các môn tiếp theo không?\r\n\r\nHãy nhớ lấy lời thầy! Cho thầy xin một ngày của các em không có internet nhé! Chỉ cần lướt Facebook 5 phút thôi các em sẽ lại thấy người ta chia sẻ đáp án, các em sẽ thấy bạn bè hớn hở khoe mình trúng tủ hoặc thấy bạn bè khóc lóc bù lu bù loa vì làm sai một câu nào đó... Thế rồi rồi môn tiếp theo làm sao thi? Chỉ 1 ngày thôi em nhé!\r\n\r\nĐừng hỏi con \"Làm được bài không? - Hãy hỏi con \"Con có mệt không? Con đói không?\"\r\n\r\nKhông chỉ gửi gắm đến học sinh, thầy Võ Kim Bảo còn gửi lời \"xin đừng\" đến phụ huynh đang căng thẳng cùng con trong kỳ thi này. \r\n\r\nThầy Bảo nói, con bước vào kỳ, phụ huynh lo lắng không kém là điều hoàn toàn dễ hiểu. Nhưng thầy mong quý phụ huynh đừng vội hỏi con: “Hôm nay con làm bài được không?”, hay đừng bảo con: “Con gọi cho thầy Bảo hỏi xem làm vậy được chưa?...”, mà hãy hỏi: “Con có mệt không? Con đói không? Uống trà sữa trân châu ít đường, ít đá nhiều cream chese không con?...”. \r\n\r\nhttps://icdn.dantri.com.vn/thumb_w/640/2019/06/01/thisinh-2-1559347743126.jpeg\r\n\r\nThầy tin như vậy các em sẽ thoải mái hơn rất nhiều. Nếu làm bài được con sẽ tự khoe ngay, nếu con còn băn khoăn thì thôi, hãy hoãn những câu hỏi han đó để chiều, để mai, con sẽ cố làm thật tốt môn thi tiếp theo đã. \r\n\r\nVới bản thân mình, thầy Bảo cho biết ngay sau khi thi xong thầy sẽ không giải đề và cũng sẽ không vui khi bạn nào gọi điện \"hỏi han\" thầy. Thầy sẽ kệ các em vì không muốn các em phải thêm áp lực. \r\n\r\nThầy Võ Kim Bảo là một giáo viên Văn trẻ tuổi, năng nổ, với rất nhiều ý tưởng, dạy học văn sáng tạo, đột phá. Thầy chia sẻ, bước vào kỳ thi này, học sinh rất căng thẳng, áp lực. Các em đến lớp học với tâm trạng lo lắng, nhắn tin than thở với thầy. Có trường hợp thầy biết, học sinh  bị stress khóc trong giờ học, giáo viên chủ nhiệm phải trao đổi, khuyên nhủ... \r\n\r\nRồi bản thân thầy, mọi năm các em thi xong là điện thoại bị gọi đến \"nóng máy\" hỏi đáp án, hỏi này nọ, phụ huynh cũng gọi, thêm một cái khổ mà theo thầy là không cần thiết. Thầy Bảo khẳng định, ngoài áp lực của bản thân thì sự căng thẳng của học sinh còn đến từ sự \"quan tâm\" thái quá của những người xung quanh.', 18, '7;8;16;12', 'Not yet approved', 0),
(40, 'Chàng trai vô gia cư gốc Việt trúng tuyển Đại học Harvard danh giá', 'Bố mất khi em 2 tuổi, mẹ thường xuyên cờ bạc và vào tù ra tội, Derrick Ngo - cậu học sinh gốc Việt ở Houston, Texas, Mỹ đã vượt qua nghịch cảnh, tốt nghiệp thủ khoa trung học và vừa trúng tuyển đại học Harvard danh giá. Không những vậy, cậu còn nhận được lời mời từ 3 trường đại học lớn khác. ', 8, 0, 'chang-trai-vo-gia-cu-goc-viet-vuot-qua-nghich-canh-trung-tuyen-harvarddocx-1559316173042.jpg', '2019-06-15', 'Mẹ Derrick nghiện cờ bạc, 6 anh em cậu nhiều lúc không đủ thức ăn. “Anh em tôi thường phải theo bà đến sòng bài và phải ngồi trong bãi đậu xe đợi mẹ đánh bài trở về\", Derrick kể.\r\n\r\nhttps://icdn.dantri.com.vn/thumb_w/640/2019/05/31/chang-trai-vo-gia-cu-goc-viet-vuot-qua-nghich-canh-trung-tuyen-harvarddocx-1559316173042.jpeg\r\n\r\nDerrick cho rằng một trong những trở ngại lớn nhất của cuộc đời mình là thiếu sự hướng dẫn của cha mẹ.\r\n\r\nCậu từng phải chuyển trường 12 lần từ mẫu giáo tới lớp 8. Lớn lên trong điều kiện nhiều chướng ngại vật như vậy nhưng bằng nghị lực, cậu chiến đấu không ngừng vượt qua nó.\r\n\r\nGần như mọi thứ trong gia đình đều bị mẹ mang đi đánh bạc rồi mất trắng, Derrick Ngo nhận ra rằng, muốn sống sót phải tập trung để vươn lên.\r\n\r\n“Khi vào cấp ba, tôi quyết định phải học một trường ổn định trong suốt 4 năm. Để làm được điều đó, tôi phải sống một mình và không phụ thuộc vào lối sống của mẹ. Cách duy nhất để đến một cuộc sống khác là đi qua giáo dục\", Derrick chia sẻ.\r\n\r\nCậu nhấn mạnh: “Nếu không đến trường lớp và tiếp nhận giáo dục, tôi sẽ không bao giờ thoát ra khỏi cảnh đó”.\r\n\r\nĐến 15 tuổi, Derrick ra sống một mình, nhưng vẫn nhận được trợ cấp tiền thuê nhà từ mẹ. Song số tiền ít ỏi chỉ đủ giúp Derrick trả các chi phí cơ bản một cách tằn tiện. Đến 17 tuổi, cậu không có nơi ở ổn định và phải chịu cảnh vô gia cư.\r\n\r\nTrong một bài phát biểu gần đây, Derrick từng kể về quãng đời của mình: \"Trời vừa rạng sáng và mùi hôi thối làm tôi thức giấc, mũi tôi muốn ngạt thở - một ngày đã trôi qua từ khi thành phố gặp bão. Nước mưa ngập vào căn phòng nhỏ. Trên giường tôi bẩn thỉu, tôi sợ rằng mình sẽ bị bệnh. Bụng tôi réo lên...\r\n\r\nĐã là ngày thứ 4 liên tiếp tôi ăn hộp cá ngừ và bánh quy, mỗi lần một ít vì sợ hết. Hai năm qua đã không có ai ngồi cùng bàn ăn với tôi. Từ năm lớp 10 tôi đã giấu giáo viên và bạn bè chuyện tôi sống một mình.\r\n\r\nKhi quay lại phòng ngủ, tôi thấy một vết rò rỉ mới trên trần nhà. Trong chiếc hộp nhựa màu hồng là những bản khai, những tờ chứng minh giả, giấy tờ tòa án, thư tống giam... Tôi nghĩ, mẹ tôi sẽ tiếp tục trốn cảnh sát bao lâu nữa...\".\r\n\r\nhttps://icdn.dantri.com.vn/thumb_w/640/2019/05/31/chang-trai-vo-gia-cu-goc-viet-vuot-qua-nghich-canh-trung-tuyen-harvarddocx-1559316173214.jpeg\r\n\r\nMỗi ngày, Derrick đều đi xe buýt đến trường và dành hết tâm trí cho chuyện học. Thành công ngày hôm nay cậu có được cũng nhờ vào sự kỷ luật và không bao giờ quên mục tiêu của mình.\r\n\r\n“Tôi nghĩ lúc nào mình cũng phải có mục tiêu. Cho dù mục tiêu này còn xa, nhưng một ngày nào đó nó sẽ thành hiện thực”, Derrick chia sẻ với kênh Fox 26.\r\n\r\nBằng nghị lực phi thường, chàng trai gốc Việt 18 tuổi tốt nghiệp thủ khoa trường trung học Energy Institute.\r\n\r\nMùa thu 2018, cậu nộp đơn vào trường đại học có tỷ lệ chọi bậc nhất thế giới – Đại học Harvard. Và ngày 13/12/2018, Derrick nhận được email trúng tuyển, lúc chỉ có một mình trong căn phòng ổ chuột.\r\n\r\nNgoài Harvard, Derrick còn trúng tuyển vào ba trường đại học nổi tiếng khác là University of Texas ở Austin; Princeton ở New Jersey; Columbia ở New York.\r\n\r\nDerrick quyết định vào ĐH Harvard. Chàng trai gốc Việt cho biết, sẽ theo đuổi theo một trong hai ngành: triết học hoặc kinh tế. Tuy chưa biết sẽ theo ngành nào, nhưng Derrick cho biết mình muốn trở thành một người có ảnh hưởng tích cực đối với người khác.', 19, '19;9;3;6', 'Denied', 0),
(42, 'Sắc Mộc Lam chuyển giao công nghệ sản xuất mỹ phẩm Organic Plus', 'Thương hiệu mỹ phẩm S’LUXY của công ty Sắc Mộc Lam đã đạt được bước tiến mới trong lĩnh vực mỹ phẩm bằng việc ký kết chuyển giao công nghệ sản xuất mỹ phẩm Organic Plus với đối tác châu Âu.', 1, 0, 'dan-tridocx-1559699447801.jpg', '2019-06-16', 'Mong muốn mang đến dòng mỹ phẩm thiên nhiên, chất lượng cao kết hợp từ nền công nghệ tiên tiến của châu Âu, thương hiệu mỹ phẩm S’luxy của Công ty TNHH Sắc Mộc Lam đang có bước tiến đáng kể bằng buổi lễ ký kết hợp đồng chuyển giao công nghệ, sản xuất mỹ phẩm Organic Plus độc quyền với tập đoàn mỹ phẩm xanh tại khách sạn Lake Side - Hà Nội trong sáng ngày 2/6 vừa qua.\r\n\r\nNăm 2018 đánh dấu một cột mốc quan trọng cho sự ra đời của thương hiệu Sắc Mộc Lam, với mục tiêu xây dựng một thương hiệu mỹ phẩm thiên nhiên cao cấp có chất lượng vượt trội và có chiến lược khác biệt  hóa, có những thế mạnh cạnh tranh với các công ty lớn trên thị trường nội địa cũng như hướng tới xuất khẩu.\r\n\r\nhttps://icdn.dantri.com.vn/thumb_w/640/2019/06/05/dan-tridocx-1559699447801.jpeg\r\n\r\nChia sẻ tại lễ ký kết, bà Quách Thúy – CEO Sắc mộc lam đã đánh giá rất cao chất lượng, uy tín của tập đoàn mỹ phẩm xanh DD Milan và những thành công vang dội của công nghệ sản xuất mỹ phẩm Organic trên khắp thế giới trong thời gian qua. Công ty Sắc mộc lam tự hào khi trở thành đơn vị mang lại giải pháp hiệu quả trong vấn đề làm đẹp bằng những phương pháp tiên tiến, hiện đại nhất của khoa học công nghệ.\r\n\r\nhttps://icdn.dantri.com.vn/thumb_w/640/2019/06/05/dan-tridocx-1559699448281.jpeg\r\n\r\nCEO Quách Thuý thực sự mong muốn mang đến cho phụ nữ Việt một dòng mỹ phẩm thiên nhiên, chất lượng ứng dụng công nghệ tiên tiến từ châu Âu với mức giá phù hợp với mọi đối tượng khách hàng. Thay vì phải lo lắng giữ gìn nhan sắc trước kem trộn, mỹ phẩm không rõ nguồn gốc xuất xứ, hay không đủ kinh tế để sắm những bộ chăm sóc da đắt tiền từ những thương hiệu lớn...thì giờ đây, chị em có thể hoàn toàn yên tâm vì đã có Sắc Mộc Lam an toàn cho làn da và sức khoẻ, đồng hành cùng chị em trên con đường làm đẹp: \"Sắc Mộc Lam tự tin mang đến các sản phẩm cao cấp giá rất Việt Nam\".\r\n\r\nTại buổi lễ ký kết chuyển giao công nghệ sản xuất mỹ phẩm organic độc quyền giữa Công ty Sắc Mộc Lam và Tập đoàn mỹ phẩm xanh DD Milan còn có sự hiện diện của bà Nina Nguyễn Yến Nhàn - Chuyên gia Huấn luyện doanh nghiệp Quốc tế - CEO của ActionCOACH IBC. \r\n\r\nhttps://icdn.dantri.com.vn/thumb_w/640/2019/06/05/dan-tridocx-1559699448398.jpeg\r\n\r\nBà Nguyễn Yến Nhàn hiện là cố vấn phát triển doanh nghiệp cho Công ty Sắc Mộc Lam, bà đánh giá cao sự phát triển và tầm nhìn chiến lược của Công ty dù đây là doanh nghiệp có tuổi đời còn khá trẻ - Sắc Mộc Lam có sản phẩm tốt, biết cách đưa sản phẩm ra thị trường đến tay người dùng.\r\n\r\nViệc Sắc Mộc Lam thấu hiểu và đem đến giải pháp công nghệ sản xuất mỹ phẩm Organic toàn diện khi cho ra đời những siêu phẩm tái tạo, làm trắng và trẻ hóa làn da không chỉ là sự khẳng định về tầm cỡ của thương hiệu, sự yêu thương nâng niu phái đẹp mà còn là mang đến một khái niệm mới, một quan điểm mới về làm đẹp, mong muốn hành trình tìm lại tuổi trẻ, sắc vóc của chị em phụ nữ vừa nhẹ nhàng, không quá tốn kém mà lại hiệu quả, để phụ nữ luôn có động lực chăm sóc bản thân.\r\n\r\nhttps://icdn.dantri.com.vn/thumb_w/640/2019/06/05/dan-tridocx-1559699448526.jpeg\r\n\r\nSắc Mộc Lam đã, đang và sẽ là một địa chỉ cung cấp các sản phẩm chăm sóc da uy tín, tin cậy phù hợp với nhu cầu và thị hiếu làm đẹp của mọi chị em. Tất cả khẳng định rằng thương hiệu Mỹ phẩm thiên nhiên Sắc Mộc Lam sẽ bay cao và vươn xa hơn nữa trong thời gian tới. ', 2, '2;4;5;3', 'Published', 1),
(43, 'Trung Quốc dựng rào siết chặt, thế mạnh tỷ USD Việt Nam lao đao', 'Nhiều mặt hàng nông sản xuất khẩu tỷ đô của Việt Nam như gạo, trái cây, sắn… đang lao đao khi thị trường lớn là Trung Quốc liên tục dựng rào cản, siết nhập khẩu. ', 1, 0, 'trung-quoc-dung-rao-siet-chat-the-manh-ty-usd-viet-nam-lao-dao-2-1559690854486.jpg', '2019-06-11', 'Nông sản tỷ đô xuất khẩu gặp khó\r\n\r\nTheo báo cáo mới nhất của Cục Chế biến và Phát triển thị trường nông sản (Bộ NN-PTNT), kim ngạch xuất khẩu nông lâm thuỷ sản 5 tháng đầu năm 2019 đạt 16,2 tỷ USD, chỉ tăng 1,2% so cùng kỳ năm 2018. Đáng chú ý, các mặt hàng nông sản chính giá trị xuất khẩu ước đạt gần 7,74 tỷ USD, giảm tới 9,5%.\r\n\r\nCụ thể, nằm trong top những mặt hàng nông sản xuất khẩu tỷ đô, song 5 tháng đầu năm nay, kim ngạch xuất khẩu sắn và các sản phẩm từ sắn chỉ đạt 1,08 triệu tấn tương ứng với 414 triệu USD, theo đó, giảm 17,6 về khối lượng và giảm 11% so với cùng kỳ năm 2018.\r\n\r\nTrung Quốc vẫn tiếp tục là thị trường xuất khẩu lớn nhất của mặt hàng sắn và sản phẩm từ sắn Việt Nam. Tuy nhiên, trong 4 tháng đầu năm, mặt hàng nông sản này xuất sang thị trường Trung Quốc giảm tới 16,4% về khối lượng và giảm 3,5% về giá trị so với cùng kỳ năm 2018.\r\n\r\nNguyên nhân khiến xuất khẩu sắn và sản phẩm từ sắn của Việt Nam giảm là bởi xuất khẩu tinh bột sắn suy giảm mạnh trên cả hai kênh xuất khẩu chính ngạch và biên mậu. Nguồn cung và chất lượng sắn củ tươi giảm mạnh nên hầu hết các nhà máy chế biến tinh bột sắn đã tạm ngưng sản xuất khiến nguồn cung tinh bột sắn xuất khẩu khan hiếm. Bên cạnh đó, giá xuất khẩu đang giảm mạnh nên doanh nghiệp cũng có xu hướng gom hàng, tạm ngưng xuất khẩu.\r\n\r\nhttps://icdn.dantri.com.vn/thumb_w/640/2019/06/05/trung-quoc-dung-rao-siet-chat-the-manh-ty-usd-viet-nam-lao-dao-2-1559690854486.jpg\r\n\r\nNgoài ra, Cục Chế biến và Phát triển thị trường nông sản cũng cho biết, Trung Quốc đã tăng cường kiểm soát nghiêm ngặt các quy định về nhãn mác, bao bì, thông tin sản phẩm tinh bột sắn Việt Nam và siết chặt nhập khẩu qua kênh biên mậu.\r\n\r\nCục này cũng dự báo, trong thời gian tới, các giao dịch xuất khẩu sắn và sản phẩm từ sắn vẫn tiếp tục ảm đạm do nhu cầu từ phía Trung Quốc yếu. Tình trạng này được dự đoán sẽ kéo dài đến hết quý II năm nay.\r\n\r\nThế nhưng, sắn và sản phẩm từ sắn không phải là mặt hàng duy nhất bị ảnh hưởng bởi Trung Quốc. Trước đó, thị trường đông dân nhất trên thế giới này cũng tăng cường các rà0 cản với mặt hàng gạo Việt xuất khẩu.\r\n\r\nTheo đó, từ đầu năm 2018, Trung Quốc đã áp dụng nhiều hàng rào như tăng thuế nhập khẩu gạo nếp từ 5% lên 50% hay kiểm soát chặt nhập khẩu gạo tấm. Chưa kể, trong 150 doanh nghiệp có chức năng xuất khẩu gạo, Trung Quốc chỉ cho phép 20 doanh nghiệp được xuất khẩu sang thị trường này.\r\n\r\nÔng Lê Thanh Hòa, Phó Cục trưởng Cục Chế biến và Phát triển thị trường nông sản nhận định, thị trường xuất khẩu truyền thống của Việt Nam là Trung Quốc đã xuất hiện thách thức mới, dẫn đến việc bán gạo cho nước này gặp khó khăn.\r\n\r\nThực tế, khối lượng gạo Việt xuất khẩu 5 tháng đầu năm 2019 chỉ đạt 2,83 triệu tấn, giá trị đạt 1,21 tỷ USD, giảm 4% về khối lượng và giảm tới 20,7% về giá trị so với cùng kỳ năm 2018.\r\n\r\nTheo Tổng Cục hải Quan, thay vì thứ nhất, Trung Quốc đã tụt xuống vị trí thứ 7 trong những quốc gia nhập khẩu gạo lớn nhất của Việt Nam 2 tháng đầu năm.\r\n\r\nTương tự, việc Trung Quốc đẩy mạnh truy suất nguồn gốc, tăng cường quản lý chất lượng, phải đăng ký mã số vùng trồng, yêu cầu làm thông quan tại các cửa khẩu chỉ định… khiến ngành hàng xuất khẩu rau quả, đặc biệt là trái cây của nước ta cũng lao đao.\r\n\r\nNhư vào dịp đầu tháng 4 vừa qua, do Trung Quốc siết chặt nhập khẩu nên dứa Lào Cai bí đầu ra, giảm giá mạnh, người dân thua lỗ nặng. Hay hơn 3.500ha chuối của bà con nông dân Lai Châu cũng gặp khó trong vấn đề tiêu thụ do quy định truy xuất nguồn gốc từ Trung Quốc.\r\n\r\nTrước đó, cây thạch đen Lạng Sơn cũng bị ảnh hưởng do những rào cản mới này từ phía Trung Quốc.\r\n\r\nTìm kiếm thị trường thay thế\r\n\r\nDù gặp nhiều rào cản trong xuất khẩu, nhưng theo ông Hòa, xuất khẩu gạo chất lượng cao của Việt Nam vào Trung Quốc vẫn tiếp tục kỳ vọng sẽ tăng trở lại sau khi nước này công bố 22 doanh nghiệp được phép xuất khẩu vào thị trường này. Khi đó, xuất khẩu toàn ngành gạo sẽ tăng trưởng và ổn định trong thời gian tới.\r\n\r\nTuy nhiên, ngoài chờ đợi tín hiệu từ thị trường Trung Quốc, lãnh đạo Cục này cũng cho biết, sắp tới, Bộ Công Thương sẽ đàm phán hạn ngạch xuất khẩu gạo vào Hàn Quốc. Thị trường Indonesia sẽ tăng nhập khẩu gạo vào quý 3 và 4. Philippines đã mở các cuộc đàm phán về hợp đồng nhập khẩu... Khi ấy, hy vọng việc xuất khẩu gạo sẽ khởi sắc hơn.\r\n\r\nhttps://icdn.dantri.com.vn/thumb_w/640/2019/06/05/trung-quoc-dung-rao-siet-chat-the-manh-ty-usd-viet-nam-lao-dao-3-1559690854488.jpg\r\n\r\nTrong khi đó, tổng giám đốc một công ty xuất khẩu gạo có tiếng ở Cần Thơ thừa nhận, lượng gạo xuất khẩu sang Trung Quốc sút giảm mạnh. Song, doanh nghiệp này đã tìm kiếm được nhiều thị trường thay thế như Philipines, Malaysia, Trung Đông…\r\n\r\nVới mặt hàng rau quả xuất khẩu, Trung Quốc vẫn là thị trường xuất khẩu lớn nhất, chiếm hơn 74% thị phần rau quả Việt xuất khẩu. Đặc biệt, cuối tháng 4/2019, Trung Quốc cũng vừa cấp phép nhập khẩu măng cụt của Việt Nam, là loại trái cây thứ 9 được xuất khẩu chính ngạch vào thị trường này (sau thanh long, vải, dưa hấu, nhãn, chuối, xoài, mít, chôm chôm). Thế nhưng ngành hàng nông sản này cũng đang nỗ lực đẩy mạnh xuất khẩu sang các thị trường khó tính các.\r\n\r\nCụ thể, số liệu từ Trung tâm tin học và thống kê cho thấy, xuất khẩu rau quả 2 tháng trở lại đây đang dần khởi sắc, đưa giá trị xuất khẩu rau quả 5 tháng đầu năm 2019 đạt khoảng 1,83 tỷ USD, tăng 10,3% so với cùng kỳ năm 2018.\r\n\r\nĐáng chú ý, 4 tháng đầu năm 2019, xuất khẩu rau quả sang nhiều thị trường khó tính tăng mạnh như: Úc (tăng 39,9%), Hà Lan (tăng 29,22%); Hàn Quốc (tăng 25,53%) và Pháp (tăng 24,81%).\r\n\r\nMới đây, quả xoài của Việt Nam cũng chính thức xuất khẩu vào Mỹ. Theo đó, loại quả đặc sản này của nước ta hiện được xuất khẩu sang 40 thị trường trên thế giới như: châu Âu, Trung Quốc, Hàn Quốc, Nhật Bản, Australia, New Zealand,... Đây cũng là loại trái cây thứ 6 của Việt Nam được cấp phép xuất khẩu sang thị trường Mỹ, chỉ sau thanh long, chôm chôm, nhãn, vải, vú sữa.\r\n\r\nCác chuyên gia trong ngành cho rằng, việc nỗ lực tìm kiếm thị trường thay thế sẽ giúp Việt Nam giảm bớt phụ thuộc vào thị trường Trung Quốc và hướng tới phát triển ổn định, hạn chế tình trạng được mùa nhưng rớt giá do bí đầu ra.', 3, '1;2;11;13', 'Published', 0),
(44, 'Tự mãn với thành tích “về đích”, nhiều xã bị xem xét thu hồi Bằng đạt chuẩn NTM', 'Sau khi được UBND tỉnh Hà Tĩnh trao Bằng công nhận đạt chuẩn Nông thôn mới (NTM) giai đoạn 2013-2015, hàng loạt xã đã “tự mãn” với thành tích, khiến phong trào xây dựng NTM trên địa bàn chùng xuống, các mặt kinh tế, xã hội chuyển biến chậm. Tỉnh Hà Tĩnh đang xem xét thu hồi danh hiệu đối với các xã này.', 2, 0, '22-1559692443772.jpg', '2019-06-08', 'Sáng ngày 5/6, nguồn tin từ UBND tỉnh Hà Tĩnh cho biết, UBND tỉnh này đang xem xét thu hồi Bằng đạt chuẩn NTM đối với 7 xã, bao gồm: Cẩm Yên (huyện Cẩm Xuyên); Thạch Văn (huyện Thạch Hà); Đức Thủy, Thái Yên (huyện Đức Thọ); Thuận Lộc (TX Hồng Lĩnh); Gia Phố (huyện Hương Khê) và Hương Minh ( huyệnVũ Quang).\r\n\r\nhttps://icdn.dantri.com.vn/thumb_w/640/2019/06/05/22-1559692443772.jpg\r\n\r\nNguồn tin cho biết, sau khi được UBND tỉnh Hà Tĩnh trao Bằng công nhận đạt chuẩn NTM (về đích), số xã trên đã có dấu hiệu tự mãn với thành tích đạt được, khiến phong trào xây dựng NTM trên địa bàn chùng xuống, các mặt kinh tế, xã hội chuyển biến chậm.\r\n\r\nĐể có cơ sở thu hồi, UBND tỉnh Hà Tĩnh đã giao sở, ngành phụ trách tiêu chí tổ chức đánh giá, thẩm định rõ từng nội dung của các tiêu chí đối với 7 xã được công nhận đạt chuẩn NTM giai đoạn 2013-2015 có tên trên, đảm bảo khách quan, chính xác, chịu trách nhiệm trước Chủ tịch UBND tỉnh. Báo cáo phải khẳng định rõ tại thời điểm thẩm định về tiêu chí đạt hay không đạt và ghi rõ hiện trạng tại thời điểm thẩm định, báo cáo đề xuất Ban Chỉ đạo tỉnh, UBND tỉnh trước ngày 15/6/2019.\r\n\r\nUBND tỉnh Hà Tĩnh giao Sở Kế hoạch và Đầu tư chủ trì, phối hợp với Sở Tài chính rà soát, báo cáo tình hình nợ xây dựng cơ bản tại 7 xã trên, trong đó làm rõ những khoản nợ đã có kế hoạch nguồn vốn để trả và nợ đọng (nếu có), báo cáo Ban Chỉ đạo tỉnh, UBND tỉnh.\r\n\r\nUBND tỉnh này cũng đề nghị Ủy ban MTTQ tỉnh thẩm tra kết quả hài lòng của người dân tại 7 xã trên, gửi báo cáo về Ban Chỉ đạo tỉnh, UBND tỉnh trước ngày 15/6/2019; Văn phòng Điều phối xây dựng NTM tỉnh tổng hợp, soát xét, đánh giá chung và thực hiện chức năng giám sát theo quy định, báo cáo Ban chỉ đạo tỉnh, UBND tỉnh trước ngày 25/6/2019; tham mưu thu hồi bằng công nhận đạt chuẩn đối với các xã không đạt chuẩn trước ngày 30/6/2019.\r\n\r\nNhững năm qua Hà Tĩnh được Trung ương đánh giá là một trong những tỉnh đi đầu của cả nước về thực hiện Chương trình mục tiêu quốc gia xây dựng Nông thôn mới. Đến nay Hà Tĩnh đã có 158 xã đạt chuẩn NTM, chiếm 68,9% tổng số xã trên toàn tỉnh.', 4, '2;4;6;16', 'Published', 0);
INSERT INTO `news` (`news_id`, `Title`, `Summary`, `Writer_ID`, `Views`, `Thumbnail_image`, `Date`, `Content`, `Subcat_ID`, `Tag_ID`, `Status`, `Premium`) VALUES
(45, 'Thú vị câu chuyện sếp tuyển dụng nhân viên qua “văn hóa tách cà phê”', 'Một câu chuyện thú vị đang được lan truyền trên mạng xoay quanh việc một ông chủ chia sẻ kinh nghiệm tuyển dụng nhân viên thông qua bài kiểm tra bí mật được đặt tên là “văn hóa tách cà phê”.', 2, 0, '3-1559570226748.jpg', '2019-06-12', 'Người sếp này tiết lộ rằng bài kiểm tra thầm lặng này đã được ông sử dụng để quyết định xem một nhân viên có đủ phẩm chất tốt để được tuyển dụng hay không.\r\n\r\nÔng Trent Innes - giám đốc của một công ty chuyên cung cấp phần mềm kế toán có trụ sở đặt tại Úc - đã có một tiết lộ thú vị bất ngờ trong một cuộc phỏng vấn mới đây. Chia sẻ của ông nhận được nhiều sự quan tâm của các tờ tin tức, ông Innes cho hay ông thường sẽ không tuyển những người không đề nghị đưa tách cà phê đã uống hết của họ trở vào khu vực phòng bếp chung của công ty.\r\n\r\nNếu người nào dù rất tài giỏi nhưng cứ thế đứng lên và để mặc tách cà phê uống hết còn lại trên mặt bàn sau buổi phỏng vấn, người đó gần như đã mất đi cơ hội lớn để được tuyển dụng. Theo ông Trent Innes, ông sử dụng bài kiểm tra này để có thể nhanh chóng nắm bắt được thái độ sống của một người.\r\n\r\nTrước khi bắt đầu một cuộc phỏng vấn, ông Innes thường đưa ứng viên tiềm năng mà ông đã để ý từ khâu nộp hồ sơ vào trong phòng bếp của công ty, tại đây, ông sẽ pha cho ứng viên một tách cà phê, một tách trà, rót một ly nước ngọt hoặc nước khoáng tùy vào sự lựa chọn của ứng viên.\r\n\r\nhttps://icdn.dantri.com.vn/thumb_w/640/2019/06/03/3-1559570226748.jpg\r\n\r\nĐiều này giúp khẳng định rằng ứng viên đã biết chính xác vị trí và không gian phòng bếp, có những khái niệm chung nhất về văn hóa tự phục vụ trong công ty ông.\r\n\r\n“Bạn có thể phát triển những kỹ năng, bạn có thể trau dồi thêm kiến thức, thu thập thêm kinh nghiệm nhưng mọi việc phần nhiều sẽ tùy thuộc vào thái độ sống của bạn, và thái độ mà chúng ta thường nói tới đó, bắt đầu ở đây từ việc bạn biết đứng lên rời khỏi cuộc phỏng vấn xin việc và chủ động đề nghị được mang chiếc cốc đó trở lại phòng bếp”, ông Innes chia sẻ trong cuộc phỏng vấn mới đây.\r\n\r\nKhi có nhiều ứng viên khiến ông phải cùng cân nhắc một lúc, thì chi tiết sau cùng trong buổi phỏng vấn sẽ giúp ông lựa chọn ra ứng viên phù hợp với văn hóa của công ty.\r\n\r\nÔng Innes chia sẻ: “Việc tự mang cốc đi rửa là một nhiệm vụ đơn giản nhất mà một nhân viên có thể thực hiện bất kể người đó nắm giữ vai trò nào trong tổ chức. Chi tiết đó cũng quan trọng bởi nó thực sự là động lực thúc đẩy văn hóa tự hoàn thiện bản thân và phần công việc của mình thật triệt để.\r\n\r\n“Nếu bạn bước tới văn phòng của chúng tôi, bạn sẽ thấy các phòng bếp chung luôn luôn sạch sẽ, gọn gàng và điều đó có được là do quy tắc tự phục vụ. Chúng tôi muốn có được những cộng sự thực sự có ý thức về bản thân và những gì liên quan tới phần trách nhiệm của người đó.\r\n\r\n“Thái độ của mỗi người thực sự quan trọng trong một môi trường không ngừng phát triển và đổi thay. Trong một công ty đang phát triển nhanh, trong môi trường doanh nghiệp mới khởi nghiệp hay một môi trường công việc đang có nhiều thay đổi, biến động, bạn sẽ cần những người thực sự có tư duy mạnh mẽ, trưởng thành và mọi điều sau cùng đều sẽ quay trở về yếu tố thái độ”.\r\n\r\nhttps://icdn.dantri.com.vn/thumb_w/640/2019/06/03/1-1559570226758.jpg\r\n\r\nĐiều thú vị là trong bài kiểm tra “văn hóa tách cà phê” của ông Innes, chỉ có khoảng 5-10% ứng viên không đề nghị để họ tự đưa tách cà phê uống hết quay trở lại phòng bếp: “Điều khiến tôi vui là đa số ứng viên đều vượt qua bài kiểm tra sau cuối ấy. Tôi không bao giờ thực sự yêu cầu họ làm vậy, tôi chỉ chờ họ đưa ra lời đề nghị và thường chính tôi mới là người sẽ đưa tách trở vào phòng bếp để rửa”.', 6, '16;15;17;4', 'Published', 1),
(46, 'Vụ nước giếng đổi màu: Nồng độ chất rắn vượt gần 100 lần', 'Ngày 4/6, theo thông tin từ huyện Đắk Mil, đã có văn bản kiến nghị tỉnh Đắk Nông xử phạt Công ty TNHH SXTM đá Bazan Đắk Mil (CCN Thuận An-Đắk Mil). Công ty này đã có hành vi xả thải gây ô nhiễm nguồn nước của các hộ dân xã Thuận An. ', 2, 0, 'hinh-1-1559112666193.jpg', '2019-06-16', 'Theo kết quả phân tích mẫu nước thải của Trung tâm Quan trắc Tài nguyên & Môi trường, nước trộn với bột đá mà công ty xả thải ra môi trường có nhiều thông số vượt quá quy chuẩn kỹ thuật cho phép về chất thải.\r\n\r\nCụ thể, trong trường hợp thải lượng nước thải nhỏ hơn 0,5 m3/ngày, thông số TSS (chất rắn lơ lửng) vượt 96,6 lần; độ màu vượt 12,8 lần; Fe (sắt) vượt 3,99 lần.\r\n\r\nhttps://icdn.dantri.com.vn/thumb_w/640/2019/05/24/hinh-2-1558679615688.jpg\r\n\r\nHành vi xả thải của Công ty TNHH SXTM đá Bazan Đắk Mil đã bị Phòng Tài nguyên & Môi trường huyện Đắk Mil lập biên bản vi phạm hành chính; đề nghị UBND tỉnh Đắk Nông ra quyết định xử phạt hành chính về xử phạt vi phạm hành chính trong lĩnh vực bảo vệ môi trường.\r\n\r\nVề vấn đề hỗ trợ người dân bị ảnh hưởng, theo thoả thuận với các hộ dân và Ban tự quản thôn, Công ty TNHH SXTM đá Bazan Đắk Mil đã hỗ trợ tổng cộng số tiền 19.380.000 đồng cho các hộ dân, với mức thiệt hại nguồn nước trong tổng thời gian 313 ngày, mỗi ngày 60.000 đồng; trong đó, hộ bị nước đục nhiều nhất là 27 ngày, hộ ít nhất là 3 ngày.\r\n\r\nVề vấn đề khắc phục hệ thống xử lý nước thải theo cam kết, tại biên bản kiểm tra ngày 30/5, Phòng Tài nguyên & Môi trường huyện Đắk Mil và Ban tự quản thôn Thuận Bắc xác nhận, Công ty TNHH SXTM đá Bazan Đắk Mil đã hút toàn bộ số bột đá lẫn nước thải và vận chuyển, xử lý theo quy định.\r\n\r\nhttps://icdn.dantri.com.vn/thumb_w/640/2019/05/29/hinh-1-1559112666193.jpg\r\n\r\nPhòng Tài nguyên & Môi trường huyện Đắk Mil và Ban tự quản thôn Thuận Bắc sẽ tiếp tục cùng người dân theo dõi hoạt động sản xuất và xả thải của công ty. Nếu có vi phạm về bảo vệ môi trường, sẽ báo cáo với chính quyền các cấp, các ngành chức năng xử lý theo quy định.\r\n\r\nÔng Lý Chủ Hưng, Giám đốc Công ty TNHH SXTM đá Bazan Đắk Mil cho biết, nhà máy sản xuất đá của công ty mới đưa vào vận hành thử từ đầu tháng 5/2019. Công ty chỉ sơ chế đá Bazan như cưa, cắt quy chuẩn và mài nên lượng nước thải ra môi trường chủ yếu trộn lẫn với bột đá. Do chưa hoàn thiện hệ thống máy móc, công ty cũng chưa xây dựng hoàn thiện hệ thống xử lý nước thải nên chưa chú trọng đến hậu quả của việc xả thải, chỉ mới đắp hồ chứa nước thải tạm thời.', 5, '25;10;15;5', 'Published', 1),
(47, 'Đại sứ Anh lần đầu chơi golf tại Việt Nam', 'Đại sứ Anh - Gareth Ward bất ngờ trước vẻ đẹp của FLC Sam Son Golf Links trong buổi chơi golf đầu tiên tại Việt Nam cùng Chủ tịch Tập đoàn FLC – Ông Trịnh Văn Quyết.', 3, 0, 'hinh-1-1558492908827.jpg', '2019-06-13', 'https://icdn.dantri.com.vn/thumb_w/640/2019/05/22/hinh-1-1558492908827.jpg\r\n\r\nVị đại sứ yêu tiếng Việt\r\n\r\nĐại sứ Anh Gareth Ward bắt đầu nhiệm kỳ của mình tại Việt Nam từ tháng 8 năm 2018 và được biết đến là một vị đại sứ có tình yêu đặc biệt với tiếng Việt.\r\n\r\nTừ khi sang Việt Nam, trên trang facebook cá nhân của Đại sứ Anh luôn là các status được viết bằng tiếng Việt, thể hiện tình yêu và sự quan tâm sâu sắc tới các vùng đất của Việt Nam.\r\n\r\nÔng cho biết đã học tiếng Việt tại Đại học Khoa học Xã hội và Nhân văn ở Hà Nội hơn 1 năm trước. Mỗi ngày ông dành 3 tiếng học tiếng Việt, từng đạp xe 200km từ Hà Nội đến Hòa Bình để “phiêu lưu” và dễ hòa nhập với nền văn hóa bản địa của người Việt Nam.\r\n\r\nCách đây 20 năm, Đại sứ Anh từng là một khách du lịch tới thăm Việt Nam và giờ đây khi quay trở lại, ấn tượng của ông đã rất khác. “Việt Nam có tốc độ chuyển mình mạnh mẽ. Đây là nơi mà khi một dự án được triển khai, kết quả có thể thấy chỉ trong 1-2 năm, trong khi ở nhiều khu vực khác trên thế giới cần tới cả thập kỷ để thấy được các thành tựu”.\r\n\r\nMến mộ trước tình yêu dành cho Việt Nam của vị Đại sứ, ngày 18/5 vừa qua, ông Trịnh Văn Quyết, Chủ tịch Tập đoàn FLC đã mời Đại sứ tới giao lưu golf tại sân FLC Sam Son Golf Links, thuộc quần thể nghỉ dưỡng FLC Sầm Sơn.\r\n\r\nhttps://icdn.dantri.com.vn/thumb_w/640/2019/05/22/hinh-2-1558492910339.jpg\r\n\r\nLần đầu tiên tới Thanh Hóa và trải nghiệm 18 hố golf tại đây, ngài Đại sứ hoàn toàn bị chinh phục bởi thiết kế độc đáo của FLC Sam Son Golf Links. “Biển Sầm Sơn vừa đẹp vừa nắng. Khi trẻ tôi thường xuyên chơi gôn. Nhưng tại Việt Nam thì chưa có cơ hội. Hôm nay tôi chơi không tốt lắm, bù lại, sân gôn tại Sầm Sơn rất đẹp!”, Đại sứ Gareth Ward chia sẻ trên trang cá nhân ngay sau khi kết thúc một vòng golf.\r\n\r\nCũng giống như Chủ tịch Tập đoàn FLC, Đại sứ Anh là một người yêu golf và thường xuyên chơi môn thể thao này lúc còn trẻ. Tuy nhiên, do lịch trình nhiệm kỳ bận rộn, FLC Sam Son Golf Links là sân golf đầu tiên ông đặt chân tới ở Việt Nam.\r\n\r\n Hệ thống sân golf có duyên với những Golfer Quốc tế\r\n\r\nĐược biết, hệ thống sân golf 5 sao của Tập đoàn FLC cũng từng đón rất nhiều những vị khách nổi tiếng tới chơi golf.\r\n\r\nChỉ cách đây khoảng 2 tuần, sân FLC Ha Long Golf Club thuộc quần thể FLC Hạ Long cũng tiếp đón siêu sao làng golf  Michael Campbell – người đã từng đánh bại huyền thoại golf Tiger Woods trở thành Nhà vô địch trong giải đấu được đánh giá khó thất thế giới - US Open 2005. Tại đây, Michael Campbell cùng Chủ tịch Trịnh Văn Quyết và nhiều vị khách quốc tế đã có buổi giao lưu đáng nhớ trên sân golf nằm uốn lượn triền núi liền kề vịnh Hạ Long, chinh phục các cú đánh ra biển ngoạn mục.\r\n\r\nĐịa hình đa dạng đầy thử thách và tầm nhìn độc đáo ôm trọn kỳ quan thiên nhiên thế giới của FLC Ha Long Golf Club đã gây ấn tượng mạnh với tay golf tầm cỡ thế giới này.\r\n\r\nhttps://icdn.dantri.com.vn/thumb_w/640/2019/05/22/hinh-3-1558492910325.jpg\r\n\r\nTheo đại diện từ FLC Biscom – đơn vị vận hành và quản lý hệ thống sân golf của Tập đoàn FLC, tháng 11 tới, tại sân FLC Sam Son Golf Links sẽ diễn ra giải golf chuyên nghiệp Bamboo Airways Open 2019, với cơ cấu giải thưởng dự kiến lên tới 1 triệu USD. Đây là giải đấu nằm trong hệ thống tính điểm của Asian Tour, hứa hẹn sẽ thu hút những golfer tên tuổi trên bảng xếp hạng Thế giới.\r\n\r\nhttps://icdn.dantri.com.vn/thumb_w/640/2019/05/22/hinh-4-1558492910369.jpg\r\n\r\nLà thương hiệu hàng đầu trong lĩnh vực đầu tư và quản lý sân golf tại Việt Nam, Tập đoàn FLC và FLC Biscom đang sở hữu chuỗi sân golf cao cấp trên nhiều tỉnh, thành của Việt Nam. Với phương châm “Mỗi hố golf là một kiệt tác”, hệ thống sân golf hiện nay của Tập đoàn FLC từ FLC Quy Nhon Golf Links, FLC Ha Long Golf Club, FLC Sam Son Golf Links và mới đây nhất là FLC Quang Binh Golf Links đều gây ấn tượng khi được thiết kế xây dựng trên địa hình đặc biệt như đồi núi, đầm lầy, sa mạc cát.\r\n\r\nCác sân golf của FLC đều nằm trong các quần thể nghỉ dưỡng sinh thái cao cấp, được giới chuyên môn đánh giá là địa điểm phù hợp để tổ chức các giải golf chuyên nghiệp tầm cỡ trong nước và quốc tế.\r\n\r\nKết hợp với hãng hàng không Bamboo Airways, Tập đoàn FLC đang tạo ra một hệ sinh thái dịch vụ hoàn chỉnh mang đến những trải nghiệm trọn vẹn cho mỗi golfer với combo trọn gói hấp dẫn: vé máy bay Bamboo Airways – chơi golf – nghỉ dưỡng tại FLC Hotels & Resorts.', 14, '13;16;4;7', 'Published', 0),
(48, 'FIFA có thể giữ nguyên 32 đội dự World Cup 2022', 'Theo tờ The Times (Anh), nhiều khả năng FIFA sẽ giữ nguyên 32 đội dự World Cup 2022 thay vì 48 đội như đồn đoán. Điều này sẽ ảnh hưởng lớn đến tham vọng làm nên lịch sử của đội tuyển Việt Nam. ', 3, 0, 'worldcup-1558570590677.jpg', '2019-06-16', 'Tờ The Times chia sẻ một nguồn tin từ FIFA cho biết: “Ý định tăng số đội lên thành 48 ở World Cup 2022 đã bị bỏ qua. Có quá nhiều thách thức về chính trị cũng như tính hợp lý ở quyết định này cho giải bóng đá lớn nhất thế giới”.\r\n\r\nhttps://icdn.dantri.com.vn/thumb_w/640/2019/05/23/worldcup-1558570590677.jpg\r\n\r\nNhật báo này cũng phân tích FIFA quyết định tổ chức World Cup 2022 vào tháng 11 và 12, thay vì tháng 6 và 7. Nếu tăng lên 48 đội thì không chỉ Qatar, nhiều nước láng giềng như Saudi Arabia, UAE, Bahrain cũng sẽ được vận động để hỗ trợ đăng cai.\r\n\r\nTuy nhiên, ba nước này đều đang cô lập chính trị Qatar nên ý tưởng này khó thành hiện thực. Do đó, khả năng World Cup 2022 nâng lên 48 đổi khó có tính khả thi.\r\n\r\nFIFA có thể vẫn giữ nguyên số đội ở World Cup 2022, nhưng World Cup 2026 có thể được tăng lên 48 đội. Đây là VCK được tổ chức ở ba nước Mỹ, Mexico, Canada, điều kiện sân bãi tốt hơn nên việc tăng số đội, cũng như số trận đấu khả thi hơn.\r\n\r\nChủ tịch FIFA Gianni Infatin sẽ đưa ra quyết định cuối cùng vào ngày 5/6, trong cuộc họp của FIFA về số đội tại World Cup 2022. Điều này chi phối nhiều đến kế hoạch vòng loại World Cup 2022 ở các khu vực từ đầu tháng 7/2019.\r\n\r\nhttps://icdn.dantri.com.vn/thumb_w/640/2019/05/23/dtvn-1558570590607.jpg\r\n\r\nVòng loại World Cup 2022 khu vực châu Á gồm 40 đội (không tính sơ loại), chia làm 8 bảng và mỗi bảng 5 đội. 8 đội đứng đầu bảng và 4 đội nhì bảng có thành tích tốt nhất, sẽ có mặt ở vòng loại cuối cùng để tranh 4,5 suất dự World Cup 2022.\r\n\r\nTheo bảng xếp hạng FIFA hiện tại, 8 đội đứng đầu sẽ là hạt giống số 1 gồm Iran, Hàn Quốc, Nhật Bản, Australia, Qatar, Saudi Arabia, UAE và Trung Quốc. Nhóm hạt giống số 2 (từ thứ 9 đến 16) gồm Iraq, Syria, Uzbekistan, Lebanon, Oman, Jordan, Kyrgyrstan và Việt Nam.\r\n\r\nĐoàn quân HLV Park Hang Seo đang đứng thứ 16 và nếu chơi không tốt ở King’s Cup, chúng ta sẽ tụt xuống nhóm hạt giống số 3 khi Palestine, Bahrain, Ấn Độ bám sát phía sau. Khi đó, nguy cơ bị đối đầu các đối thủ mạnh như Iraq, Syria, Uzbekistan… rất cao nên đội tuyển Việt Nam phải nỗ lực hết sức để giữ vị trí của mình.\r\n\r\nhttps://icdn.dantri.com.vn/thumb_w/640/2019/05/23/screen-shot-20190523-at-71318-am-1558570590779.png', 15, '1;2;4;3', 'Published', 0),
(49, 'HLV Park Hang Seo: “Tôi tự hào vì chiến thắng trước Thái Lan”', 'Chia sẻ với báo giới sau trận đấu tại King\'s Cup diễn ra tối 5/6, HLV Park Hang Seo không giấu được cảm xúc hạnh phúc sau khi đội tuyển Việt Nam đánh bại Thái Lan 1-0 nhờ bàn thắng của Anh Đức. ', 3, 0, 'park-1559747361856.jpg', '2019-06-15', 'Chia sẻ với báo giới sau trận đấu với Thái Lan, HLV Park Hang Seo nói: “Việc vào chung kết không có ý nghĩa, bởi chúng tôi cố gắng hết sức để thắng trên sân Thái Lan. King\'s Cup uy tín và lâu đời, nên việc thắng Thái là điều đáng tự hào.\r\n\r\nBản thân tôi và cầu thủ khá căng thẳng nhưng với quyết tâm cao, thắng giây cuối cùng. Tôi cảm ơn các cầu thủ đã nỗ lực\".\r\n\r\nhttps://icdn.dantri.com.vn/thumb_w/640/2019/06/05/park-1559747361856.jpg\r\n\r\nThầy Park cũng hết lời ca ngợi tiền vệ Tuấn Anh: \"Là cầu thủ đầu tiên tập trung hôm nay, Tuấn Anh trở lại phong độ. Đó là cầu thủ có tài năng.\r\n\r\nTrận hôm nay đã chứng minh tài năng của Tuấn Anh tương lai tiếp tục thích nghi. Đó sẽ là tài nguyên nhân lực tốt cho đội tuyển trong các giải đấu sắp tới\".\r\n\r\nDù đánh bại Thái Lan, thầy Park vẫn đánh giá cao đội thủ này: “Năm ngoái chúng tôi đã vô địch AFF Cup. Nói thật là chúng tôi vẫn là nhà vô địch cho đến khi giải đấu này tổ chức năm tới.\r\n\r\nTất nhiên để giữ được chức vô địch này phải nỗ lực hơn nữa, phải có sự hỗ trợ các chuyên gia và nhiều vấn đề khác. Đội tuyển Thái Lan vẫn là đối thủ mạnh. Thời gian tới, Thái Lan và Việt Nam có sự cạnh tranh, để hai nền bóng đá cùng phát triển”.\r\n\r\nHLV Park Hang Seo cũng khẳng định King’s Cup là giải đấu ông không quá quan trọng kết quả: “Tôi kiêm nhiệm hai đội U23 và ĐTQG. Không phải thắng là mang ý nghĩa lớn với Việt Nam. Trận nào, đối thủ nào thì chúng tôi cũng nỗ lực hết sức. Chúng tôi phát huy tinh thần Việt Nam, đoàn kết và có những phương pháp để hoàn thiện lối chơi.\r\n\r\nTôi bị nhiều phê phán, chỉ trích về việc lựa chọn cầu thủ. Tôi nói rằng giải này không phải là mục tiêu của chúng tôi. Mục tiêu sau cùng của đội tuyển Việt Nam là vòng loại World Cup 2022.\r\n\r\nNếu như một trận đấu giải quyết được hai vấn đề vừa vô địch vừa thử nghiệm, thì đó là điều mà tôi rất mong muốn. Tuy nhiên tôi vẫn phải làm việc với các trợ lý của tôi để hướng đến kết quả tốt nhất”.', 16, '2;7;8;9', 'Published', 1),
(50, 'Châu Á loay hoay mắc kẹt khi Mỹ - Trung căng thẳng đối đầu', 'Các nước châu Á đang bị mắc kẹt trong cuộc đối đầu ngày càng căng thẳng giữa Mỹ và Trung Quốc khi hai nền kinh tế lớn nhất thế giới đều thể hiện cam kết gắn bó với khu vực. ', 5, 0, '462229-b-0000005785062485-clip-donald-trumpshowed-xi-jinpingfootageofhisgranddaughterm-191510155077782-1559725218237.jpg', '2019-06-16', 'https://icdn.dantri.com.vn/thumb_w/640/2019/06/05/462229-b-0000005785062485-clip-donald-trumpshowed-xi-jinpingfootageofhisgranddaughterm-191510155077782-1559725218237.jpg\r\n\r\nHai Bộ trưởng Quốc phòng Mỹ và Trung Quốc đều có mặt tại Đối thoại Shangri-La, một diễn đàn quốc phòng lớn của khu vực châu Á, vào cuối tuần qua. Tuy nhiên, cả Quyền Bộ trưởng Quốc phòng Mỹ Patrick Shanahan lẫn người đồng cấp Trung Quốc Ngụy Phượng Hòa đều không nhắc đến nỗi lo ngại ngày càng tăng của các nước châu Á nhỏ hơn khi phải đứng giữa cuộc đối đầu ngày càng căng thẳng của hai nền kinh tế lớn nhất thế giới.\r\n\r\nThay vào đó, ông Shanahan và ông Ngụy đã sử dụng các bài phát biểu được chờ đợi của mình tại Đối thoại Shangri-La ở Singapore để cáo buộc nhau. Các nước nhỏ đã chứng kiến “màn đấu khẩu” của hai bộ trưởng quốc phòng Mỹ - Trung.\r\n\r\nBộ trưởng Quốc phòng Philippines Delfin Lorenzana cho biết đất nước của ông ngày càng có nguy cơ bị mắc kẹt trong cuộc đối đầu giữa Mỹ và Trung Quốc, liên quan tới yêu sách quá đáng của Bắc kinh trên Biển Đông và nhiều vấn đề khác.\r\n\r\n“Nỗi lo sợ lớn nhất của chúng tôi là nguy cơ vô tình vướng vào một cuộc xung đột quốc tế khác tương tự Chiến tranh Thế giới thứ I”, Bộ trưởng Lorenzana nói.\r\n\r\nTheo CNN, Philippines có lý do để lo ngại. Quốc đảo Đông Nam Á này đã ký hiệp ước phòng vệ chung với Mỹ. Philippines cũng đang chứng kiến cảnh quân đội Trung Quốc chiếm đóng đảo nằm trong vùng đặc quyền kinh tế của nước này, đồng thời ngăn không cho Manila khai thác tài nguyên và đánh bắt hải sản.\r\n\r\nTuy vậy, Bộ trưởng Ngụy Phượng Hòa lớn tiếng tuyên bố Trung Quốc chưa bao giờ lấy một tấc lãnh thổ của bất kỳ nước nào và Bắc Kinh cũng không bao giờ từ bỏ một tấc lãnh thổ của mình. Ông Ngụy đã phớt lờ các câu hỏi liên quan tới các đảo bị Trung Quốc chiếm đóng được đưa ra sau bài phát biểu của ông tại Đối thoại Shangri-La hôm 2/6.\r\n\r\n“Trong khi họ rao giảng về việc tôn trọng quyền của các quốc gia, họ lại tuyên bố yêu sách của họ đối với Biển Đông là không thể đàm phán”, ông Lorenzana nhận định về Trung Quốc.\r\n\r\nVề phần mình, Quyền Bộ trưởng Quốc phòng Shanahan cho biết Mỹ sẽ vẫn tiếp tục đưa tàu chiến tới gần các đảo bị Trung Quốc chiếm đóng trái phép trên Biển Đông nhằm thể hiện quyết tâm của Washington trong việc duy trì một khu vực mở và tự do cho tất cả các nước.\r\n\r\nÔng Shanahan cũng kêu gọi các đối tác và đồng minh của Mỹ tham gia vào các chiến dịch đảm bảo tự do hàng hải trên Biển Đông, đồng thời thể hiện cam kết về một trật tự quốc tế dựa trên luật lệ. Các đối tác của Mỹ đã hành động như vậy trong những tháng gần đây khi các tàu Nhật Bản, Ấn Độ, Australia và Pháp đồng loạt đi qua Biển Đông.\r\n\r\nTrong khi đó, Bộ trưởng Quốc phòng Trung Quốc cho rằng Mỹ và các đồng minh cũng như đối tác của Washington không nên hiện diện tại Biển Đông.\r\n\r\n“Ai đang đe dọa đến an ninh và sự ổn định tại Biển Đông?”, ông Ngụy Phượng Hòa hỏi, rồi tự trả lời rằng đó chính là các nước ngoài khu vực, những nước “tới đây để phô diễn sức mạnh”, sau đó “rời đi và để lại một mớ hỗn độn phía sau”.\r\n\r\nCam kết với khu vực\r\n\r\nhttps://icdn.dantri.com.vn/thumb_w/640/2019/06/05/trump-1559725263111.jpg\r\n\r\nTrung Quốc cũng có cách thuyết phục của riêng mình. Bộ trưởng Ngụy đã đề cập tới Sáng kiến Vành đai và Con đường - một dự án “khổng lồ” nhằm phát triển kinh tế cho các nước trong và ngoài khu vực.\r\n\r\nBộ trưởng Shanahan tuyên bố Mỹ cũng có tiền và nhắc tới Đạo luật BUILD - nguồn cung cấp tiền của Mỹ cho các nước nằm trong nhóm thu nhập trung bình và thấp. Ông chủ Lầu Năm Góc cho biết tiền của Mỹ không đi kèm điều kiện ràng buộc như Trung Quốc, vì các điều kiện do Trung Quốc đặt ra có thể dẫn tới nguy cơ Bắc Kinh thâu tóm cơ sở hạ tầng của các nước nếu họ không có khả năng trả nợ.\r\n\r\nTuy nhiên, một vấn đề đặt ra đó là Mỹ chưa chi nhiều tiền cho các nước theo Đạo luật BUILD. Điều này khiến Washington bị lép vế so với Bắc Kinh khi quốc gia Đông Bắc Á đang mở rộng hầu bao để chi mạnh tay cho Sáng kiến Vành đai và Con đường.\r\n\r\nPhát biểu trước các đại biểu dự Đối thoại Shangri-La, Bộ trưởng Shanahan cho biết Trung Quốc nói thì hay nhưng không thực sự đáng tin cậy, cả trong việc thực hiện các cam kết cũng như tuân thủ theo luật lệ.\r\n\r\nTrong bối cảnh các khoản tiền và sức mạnh quân sự của cả Mỹ lẫn Trung Quốc đều đang được phô diễn, không có gì ngạc nhiên khi các nước trong khu vực vẫn đang phân vân về việc nên tin tưởng cường quốc nào, và nếu có ai đó thực sự quan tâm tới khu vực thì đó là Mỹ hay Trung Quốc.\r\n\r\n“Cả hai bộ trưởng đều nói về sự mất lòng tin vào đối phương, cũng như sự thiếu tin tưởng giữa họ với các nước trong khu vực. Nhưng cả khu vực vẫn đang không tin tưởng vào hai nước vì nhiều lý do khác nhau. Những tuyên bố của Trung Quốc về việc trỗi dậy hòa bình mâu thuẫn với những hành động hung hăng của họ. Trong khi các cam kết của Mỹ về việc duy trì hợp tác, đối tác và hỗ trợ khu vực cũng không được củng cố bằng các hành động đầy đủ”, Meia Nouwens, nhà phân tích tại Viện Nghiên cứu Chiến lược Quốc tế, nhận định.', 4, '3;4;5;17', 'Published', 1),
(51, 'Lo ngại Nga, tân Tổng thống Ukraine muốn đẩy nhanh gia nhập NATO', 'Tân tổng thống Ukraine cho biết ông muốn đưa Kiev gia nhập NATO vì lo ngại thách thức từ “sự gây hấn” của Nga trong khu vực. ', 5, 0, 'ukraine-1559695506788.jpg', '2019-06-13', 'https://icdn.dantri.com.vn/thumb_w/640/2019/06/05/ukraine-1559695506788.jpg\r\n\r\nTrong cuộc họp báo chung với Tổng thư ký NATO Jens Stoltenberg tại Brussels, Bỉ hôm 4/6, tân Tổng thống Ukraine Volodymyr Zelensky cho biết Kiev hiện tại sẵn sàng đàm phán với Moscow.\r\n\r\n“Chúng tôi sẵn sàng đàm phán với Nga, chúng tôi sẵn sàng thực hiện thỏa thuận Minsk”, ông Zelensky nói, đề cập tới thỏa thuận giải quyết hòa bình cuộc xung đột tại đông Ukraine.\r\n\r\nTrước đó, ngay sau khi cuộc bầu cử tổng thống tại Ukraine kết thúc, ông Zelensky cho biết ông không nhận thấy có khả năng đàm phán với Nga. Thậm chí, nhà lãnh đạo Ukraine còn kêu gọi Mỹ áp đặt thêm các lệnh trừng phạt mới với Nga.\r\n\r\nTuy nhiên, Tổng thống Zelensky cho biết trước khi các cuộc đàm phán với Nga bắt đầu, Ukraine “phải bảo vệ chính mình và trở nên mạnh mẽ hơn về kinh tế, chính trị và quân sự”.\r\n\r\nDanh hài mới đắc cử tổng thống Ukraine cho biết ông muốn tạo động lực mới cho nỗ lực của Ukraine nhằm gia nhập NATO vì “sự gây hấn vũ trang đang tiếp diễn của Nga vẫn là thách thức chính đối với an ninh châu Âu - Đại Tây Dương”.\r\n\r\nUkraine từng nộp hồ sơ gia nhập NATO hồi năm 2008, tuy nhiên kế hoạch này đã bị Tổng thống Viktor Yanukovich, người lên nắm quyền 2 năm sau đó, lãng quên. Sau khi xảy ra cách mạng Maidan và Tổng thống Yanukovich bị lật đổ năm 2014, các chính quyền mới tại Ukraine vẫn coi việc gia nhập NATO là vấn đề ưu tiên trong chính sách đối ngoại.\r\n\r\nNăm ngoái, Ukraine đã được đưa vào danh sách các nước có tiềm năng trở thành thành viên của NATO. Tuy nhiên Chủ tịch Ủy ban châu Âu Jean-Claude Juncker tuyên bố sẽ phải mất ít nhất 20-25 năm Ukraine có thể thực sự gia nhập liên minh quân sự này.\r\n\r\nTổng thống Nga Vladmir Putin cho biết ông không có vấn đề gì trong việc đối thoại với Tổng thống Zelensky. Tuy vậy, nhà lãnh đạo Nga vẫn chưa chúc mừng tân tổng thống Ukraine sau khi ông Zelensky đắc cử. Tổng thống Putin sẽ chỉ làm điều này sau khi cuộc xung đột tại vùng Donbass được giải quyết và mối quan hệ Nga - Ukraine được bình thường hóa.\r\n\r\n', 5, '4;5;6;7', 'Published', 0),
(52, 'Ông Trump cảnh báo vẫn luôn có khả năng chiến tranh với Iran', 'Tổng thống Donald Trump cho biết ông sẵn sàng đàm phán với người đồng cấp Iran, tuy nhiên vẫn luôn có khả năng quân đội Mỹ “động binh” với nước Cộng hòa Hồi giáo này. ', 5, 0, 'trump-111558950545852-1559718585898.jpg', '2019-06-17', 'https://icdn.dantri.com.vn/thumb_w/640/2019/06/05/trump-111558950545852-1559718585898.jpg\r\n\r\n“Khi tôi lần đầu tiên nhận nhiệm sở, Iran là một nơi cực kỳ thù địch. Họ từng là quốc gia khủng bố số một thế giới vào thời điểm đó, và có lẽ bây giờ vẫn vậy”, Tổng thống Trump nói với kênh tin tức ITV của Anh.\r\n\r\nKhi được hỏi liệu ông có nghĩ rằng Mỹ cần hành động quân sự với Iran hay không, Tổng thống Trump cho biết: “Tôi có muốn không ư? Tôi không muốn. Tuy nhiên sẽ luôn có khả năng xảy ra”.\r\n\r\nTrả lời câu hỏi liệu ông có sẵn sàng đàm phán với Tổng thống Iran Hassan Rouhani hay không, ông chủ Nhà Trắng nói: “Tất nhiên là có. Tôi rất muốn đối thoại”.\r\n\r\nTheo tổng thống Mỹ, tất cả các hành động cần thiết nên được tiến hành để ngăn Iran sở hữu vũ khí hạt nhân.\r\n\r\n“Điều duy nhất đó là tôi không thể để cho họ có vũ khí hạt nhân. Tôi biết rất nhiều về vũ khí hạt nhân. Tôi là người từng được huấn luyện và phải nghiên cứu về chúng”, ông Trump nói, đồng thời đề cập tới “trách nhiệm to lớn” trong việc quản lý kho hạt nhân của Mỹ.\r\n\r\nPhát biểu của Tổng thống Trump được đưa ra vài ngày sau khi người phát ngôn Bộ Ngoại giao Iran Abbas Mousavi nói rằng Tehran vẫn kỳ vọng sự thay đổi trong thái độ của Washington, thay vì chỉ đưa những tuyên bố.\r\n\r\nTổng thống Trump tuần trước khẳng định Mỹ không tìm cách thay đổi chế độ tại Iran và không muốn gây tổn hại cho nước này. Theo ông Trump, Washington chỉ muốn Iran từ bỏ vũ khí hạt nhân.\r\n\r\nLãnh tụ tối cao Iran Ayatollah Ali Khamenei ngày 4/6 tuyên bố sẽ không để Mỹ “đánh lừa” trước đề nghị đàm phán của Tổng thống Trump. Ông Khamenei khẳng định Iran sẽ không từ bỏ chương trình tên lửa của nước này.\r\n\r\nCăng thẳng giữa Mỹ và Iran liên tục leo thang trong những ngày gần đây. Mỹ ngày 24/5 thông báo triển khai 1.500 quân bổ sung tới Trung Đông để đối phó với “mối đe dọa” từ Iran. Trước đó, Lầu Năm Góc cũng triển khai tàu sân bay, máy bay ném bom, máy bay chiến đấu và tên lửa tới vùng Vịnh, bất chấp phản ứng của chính quyền Iran.', 6, '3;5;9;15', 'Published', 0),
(53, 'Cô gái Yên Bái bị chồng MC tẩm xăng đốt 3 năm trước giờ ra sao?', 'Mâu thuẫn gia đình, Trang bị chồng khóa trái cửa, tẩm xăng đốt. 3 năm sau ngày xảy ra vụ việc, chị đang nỗ lực để tìm lại hình hài qua hàng chục cuộc phẫu thuật và đoàn tụ với các con.', 6, 0, 'co-gai-yen-bai-bi-chong-mc-tam-xang-dot-3-nam-truoc-gio-ra-sao-2-1559691914391.jpg', '2019-06-08', 'Mâu thuẫn gia đình, Trang bị chồng khóa trái cửa, tẩm xăng đốt. 3 năm sau ngày xảy ra vụ việc, chị đang nỗ lực để tìm lại hình hài qua hàng chục cuộc phẫu thuật và đoàn tụ với các con.\r\n\r\nNhững ngày sống trong nước mắt\r\n\r\nSinh ra, lớn lên ở Yên Bái, 18 tuổi Hoàng Thị Trang về Hưng Yên (quê gốc), để xin làm công nhân may. Tại đây, được người quen giới thiệu chị gặp Phạm Trọng Pháp (quê Hưng Yên).\r\n\r\nThấy cô gái trẻ có nhan sắc, Pháp tìm cách theo đuổi. Về phía Trang, biết đối phương là người có chí, chăm chỉ làm ăn nên chị động lòng. ‘Chồng tôi không có ngoại hình nhưng tôi nghĩ lấy chồng nên chọn người có ý chí, có công việc riêng (Pháp là MC đám cưới) nên khi anh ấy ngỏ lời tôi đã gật đầu’.\r\n\r\nQuá trình tìm hiểu chỉ có 2 tháng, tháng 2/2009, Trang và Pháp kết hôn. ‘Lúc yêu, anh ấy rất dễ thương nhưng sau kết hôn, anh ta thay đổi hoàn toàn’, Trang kể.\r\n\r\nhttps://icdn.dantri.com.vn/thumb_w/640/2019/06/05/co-gai-yen-bai-bi-chong-mc-tam-xang-dot-3-nam-truoc-gio-ra-sao-2-1559691914391.jpg\r\n\r\nhttps://icdn.dantri.com.vn/thumb_w/640/2019/06/05/co-gai-yen-bai-bi-chong-mc-tam-xang-dot-3-nam-truoc-gio-ra-sao-3-1559691914393.jpg\r\n\r\nPháp là MC đám cưới, nhiều bạn bè và cũng thường xuyên ăn nhậu. Khi vợ góp ý và nặng lời, vốn nóng tính anh ta thẳng tay hành hung.\r\n\r\n‘Sau khi sinh con đầu tiên, chồng tôi ngày càng sa đà trong nhậu nhẹt, rượu chè, tôi góp ý, anh ta đánh đập. Đánh được 1 lần anh ta đánh lần 2 và nhiều lần sau đó’, chị kể.\r\n\r\n‘Có những lần, anh ấy dùng dao, kéo để tấn công vợ. Một lần, anh đâm vào người tôi nhưng may mắn chỉ xây xước bên ngoài, không bị sâu.\r\n\r\nCó hơi men trong 2 người, những ngày trời sắp sang đông, anh ấy lột quần áo đuổi tôi ra đứng khỏa thân ngoài đường, có lần ép tôi nhảy xuống ao. Hàng xóm thấy thế, lên tiếng can ngăn bị chồng tôi cầm dao đe dọa. Bị hành hạ nhiều, tôi chán nản’.\r\n\r\nĐó là giọt nước tràn ly đưa Trang đến quyết định chia tay. Người phụ nữ ấy đã ôm 2 con về quê ở Yên Bái. Tuy nhiên lúc biết tin, đang là ban đêm, anh ta thuê người, thuê taxi từ Hưng Yên lên thẳng Yên Bái.\r\n\r\n‘Anh ta dùng dao đe dọa, cưỡng chế tôi phải quay về Hưng Yên ngay trong đêm’, Trang kể.\r\n\r\nQuá sợ hãi, chị quay về với chồng. Nhưng chị không ngờ một tai họa đang chờ đợi phía trước.\r\n\r\nKhoảng 15h30 ngày 16/12/2016, sau khi họp gia đình, chồng Trang nhốt vợ vào phòng riêng, khóa trái cửa, tẩm xăng lên cả hai và châm lửa đốt.\r\n\r\n‘Anh ta hất xăng lên người tôi, sau đó bật lửa. Anh ta đã chuẩn bị từ trước, quá đột ngột khiến tôi không làm gì được. Lúc đó, anh ta vơ được chiếc bật lửa và bật lên. Mặc dù chưa có lửa nhưng tia lửa khiến tất cả bùng lên thiêu cả 2 vợ chồng. Hàng xóm chạy sang cứu nhưng lửa cháy to quá, không ai có thể làm gì’, Trang nhớ lại.\r\n\r\nhttps://icdn.dantri.com.vn/thumb_w/640/2019/06/05/co-gai-yen-bai-bi-chong-mc-tam-xang-dot-3-nam-truoc-gio-ra-sao-4-1559691914395.jpg\r\n\r\nNgọn lửa thiêu rụi ngôi nhà, khiến hai vợ chồng đi cấp cứu trong tình trạng nguy kịch. Chị Trang được mẹ và em gái đưa vào bệnh viện trong tình trạng hôn mê, khuôn mặt biến dạng hoàn toàn, cơ thể bị bỏng 65%.\r\n\r\nMột tuần sau, chồng chị mất vì vết thương quá nặng.\r\n\r\nHành trình hồi sinh\r\n\r\nSau 4 tháng điều trị và nhiều cuộc phẫu thuật tại viện bỏng quốc gia, người phụ nữ sinh năm 1991 mới qua cơn nguy kịch. Song khuôn mặt, tay chân và phần da khắp cơ thể của chị bị hủy hoại.\r\n\r\n‘Sau khi điều trị, tôi về nhà mẹ ở. Một lần tôi bò ra cái tủ, nơi có gương và tôi soi mình trong đó. Tôi chỉ muốn chết vì không nhận ra mình. Thật kinh khủng! Tôi nghĩ cuộc đời mình coi như chấm dứt, từ đây không thể ra ngoài, không thể gặp gỡ ai’, Trang kể.\r\n\r\nhttps://icdn.dantri.com.vn/thumb_w/640/2019/06/05/co-gai-yen-bai-bi-chong-mc-tam-xang-dot-3-nam-truoc-gio-ra-sao-5-1559691914396.jpg\r\n\r\nNhưng rồi một đêm nằm ngủ, tôi mơ thấy các con. Tôi muốn ôm nhưng không ôm được. Tôi bừng tỉnh và nghĩ rằng, mình chết các con sẽ ra sao? Và tôi cố gắng để sống tiếp’, chị nói thêm.\r\n\r\nSau đó, Trang được PGS.TS Vũ Quang Vinh - Giám đốc Trung tâm Phẫu thuật tạo hình, thẩm mỹ và tái tạo, Viện Bỏng Quốc gia, phẫu thuật phần cổ. Kết quả tốt hơn cho chị hi vọng và tin vào hành trình tìm lại hình hài của mình.\r\n\r\nTrang đã trải qua 9 lần phẫu thuật. Những ca phẫu thuật này đều phải gây mê sâu. Mỗi ca kéo dài 7- 8 tiếng đồng hồ, chị vẫn kiên cường để vượt qua.\r\n\r\n‘Cuộc sống của tôi đã dần ổn định. Tôi đang chờ những cuộc phẫu thuật sắp tới’, Hoàng Thị Trang nói thêm.\r\n\r\nNgoài việc đi lại giữa Hà Nội và Yên Bái để phẫu thuật, chị dành thời gian để kinh doanh online.\r\n\r\n‘Tôi bán các mặt hàng là đặc sản Tây Bắc. Đây là mặt hàng khó bán, lãi ít nhưng nhờ được nhiều người ủng hộ tôi có khả năng lo được kinh tế cho bản thân’, chị cho biết.\r\n\r\nhttps://icdn.dantri.com.vn/thumb_w/640/2019/06/05/co-gai-yen-bai-bi-chong-mc-tam-xang-dot-3-nam-truoc-gio-ra-sao-6-1559691914397.jpg\r\n\r\nHiện, Trang đang sinh sống cùng mẹ tại Yên Bái. Sau khi bị chồng tạt xăng đốt, hai con của chị phải gửi cho bà nội ở Hưng Yên trông.\r\n\r\n‘Mong ước lớn nhất của tôi là kiếm được tiền, chữa trị cho bản thân và có nhà riêng để đón các con về đoàn tụ với mẹ’, chị nói.\r\n\r\n‘Tôi từng căm hận bởi mình có làm gì để anh ta gây ra như vậy? Nhưng giữ nỗi hận cho mình nhiều sẽ ức chế nên tôi cố quên đi.\r\n\r\nLần gần đây nhất về quê nội, nghĩa tử là nghĩa tận, tôi vẫn ra mộ thắp hương cho chồng’, Trang nói về những chuyện đã qua.', 11, '13;14;15;16', 'Published', 1),
(54, 'Khám phá “ngôi nhà tình yêu” chưa đầy 20m2 gây \"sốt\" tại Nhật', 'Một kiến trúc sư người Nhật đã tạo nên một căn nhà “tí hon” cho 2 người đầy đủ tiện nghi thiết yếu chỉ vẻn vẹn trong không gian 19m2.', 6, 0, 'ngoinhatinhyeudocx-1557967598713.jpg', '2019-06-15', 'Được mệnh danh là Ngôi nhà tình yêu 2, ngôi nhà này được xây trên mảnh đất vẻn vẹn 29,5m2. Tác giả của ngôi nhà cổ tích này là một kiến ​​trúc sư, giảng viên hàng đầu của trường Đại học Nghệ thuật Waseda - Takeshi Hosaka.\r\n\r\nSau 10 năm sống trong Ngôi nhà tình yêu 1 (hoàn thành năm 2005), Takeshi Hosaka tiếp tục tạo nên Ngôi nhà Tình yêu thứ hai này với ý tưởng tạo ra một không gian không chỉ phù hợp với những nhu cầu cơ bản của cuộc sống hàng ngày, mà còn tiện nghi và phù hợp với phong cách sống của anh.\r\n\r\nNgôi nhà này đáp ứng được tất cả những yêu cầu đó, bất chấp sự hạn chế về diện tích. Thêm vào đó, nhà nằm trong ngõ nhỏ còn đảm bảo sự yên tĩnh, riêng tư.\r\n\r\nhttps://icdn.dantri.com.vn/thumb_w/640/2019/05/16/ngoinhatinhyeudocx-1557967598713.jpeg\r\n\r\nNgôi nhà được tạo nên từ các khối bê tông với thiết kế hết sức sáng tạo. Trần nhà được thiết kế vươn cao đem đến cảm giác rộng rãi hơn. Giếng trời tại trung tâm được ngăn đôi, có thể đón ánh sáng được từ mọi hướng khiến căn nhà luôn sáng sủa vào bất cứ thời điểm nào trong năm.\r\n\r\nHơn nữa, nội thất, cửa chính bằng kính, cửa sổ đều được tính toán để vừa đem lại cảm giác không gian rộng mở, vừa giúp không khí lưu thông, tốt cho sức khỏe con người.\r\n\r\nhttps://icdn.dantri.com.vn/thumb_w/640/2019/05/16/ngoinhatinhyeudocx-1557967598798.jpeg\r\n\r\nhttps://icdn.dantri.com.vn/thumb_w/640/2019/05/16/ngoinhatinhyeudocx-1557967598900.jpeg\r\n\r\nNhà có một phòng bếp trung tâm nhỏ gọn, một phòng ngủ cho 2 người, sân nhỏ với bồn tắm ngoài trời, phòng tắm với đầy đủ vòi sen, nhà vệ sinh riêng biệt và một phòng khách đa năng.\r\n\r\nCăn phòng đa năng này có thể được sử dụng làm phòng khách hoặc phòng ăn với cửa kính lớn, cao đến tận trần nhà, view nhìn ra ngõ nhỏ thoáng đãng và ngập tràn ánh sáng tự nhiên.\r\n\r\nhttps://icdn.dantri.com.vn/thumb_w/640/2019/05/16/ngoinhatinhyeudocx-1557967598999.jpeg\r\n\r\nhttps://icdn.dantri.com.vn/thumb_w/640/2019/05/16/ngoinhatinhyeudocx-1557967599242.jpeg\r\n\r\nhttps://icdn.dantri.com.vn/thumb_w/640/2019/05/16/ngoinhatinhyeudocx-1557967599128.jpeg\r\n\r\nĐể tiết kiệm không gian, ngoài các bức tường, các đồ nội thất như bồn tắm ngoài trời, ghế ăn, tủ sách, các giá và ô lưu trữ đồ đạc… cũng được thiết kế cố định từ các khối bê tông. Nhìn chung, cách bố trí đơn giản nhưng hết sức thông minh đã đem đến cảm giác một không gian hài hòa, hợp lý, tận dùng đến từng cm.\r\n\r\nhttps://icdn.dantri.com.vn/thumb_w/640/2019/05/16/ngoinhatinhyeudocx-1557967599331.jpeg', 12, '11;13;17;2', 'Published', 0),
(55, 'Trầm Hương Thiền Việt: Một nén nhang thắp lên là một tấm lòng thành kính được gửi trao', 'Nén nhang vốn được xem như biểu tượng thiêng liêng trong văn hóa tâm linh của người Việt, mỗi nén nhang mang sự kính trọng, thiêng liêng mà người thắp nhang muốn gửi gắm.', 6, 0, 'anh-1-1548051361504.jpg', '2019-06-13', 'Nén nhang là cầu nối liên thông tam giới\r\n\r\nTừ ngàn xưa, nhang trầm đã được sử dụng như một mùi hương của tâm linh để dẫn dắt, kết nối tâm hồn với các vị thần linh, với gia tiên tiền tổ. Trầm hương được coi là điều kỳ diệu của tạo hóa, mang hương thơm và tinh túy của đất trời. Thắp một nén hương khói thơm nghi ngút, cảm thấy ấm áp lạ kỳ, tâm hồn sáng tươi và hướng thiện.\r\n\r\nKhói trầm có nhiều tác dụng giúp thanh lọc không khí, trừ loại âm khí, giúp tinh thần ta thêm thư thái an nhiên. Không chỉ để thắp hương thờ cúng tổ tiên mà người Việt còn sử dụng nhang trầm, nụ trầm trong thiền định giúp tâm trí thư thái dễ chịu, hay để tẩy uế, xông nhà, trừ tà, gia tăng vượng khí...\r\n\r\nTừ quan niệm sai lầm đến kẻ giết người thầm lặng\r\n\r\nCó nhiều người tin rằng thắp nén nhang càng thơm, giá trị tâm linh càng lớn, cũng nhiều người cho rằng nhang đốt phải đậu tàn, tàn càng cong đẹp càng thể hiện sự may mắn, linh thiêng, tổ tiên chứng giám, tuy nhiên, không có một nhà phong thuỷ, tâm linh nào khẳng định điều đó là chính xác. Master Lê Thái Bình - Nhà nghiên cứu Phong thủy Tâm Linh, founder của thương hiệu Trầm Hương Thiền Việt, đồng thời là Giám đốc Trung Tâm Dưỡng Sinh Thiền Việt thuộc Viện nghiên cứu và Ứng dụng tiềm năng con người chia sẻ: “Nén nhang gửi gắm giá trị tín ngưỡng và tâm linh, một nén nhang thắp lên là một tấm lòng thành kính được gửi trao, tỏ bày với gia tiên tiền tổ, với thần linh tứ xứ. Thắp lên nén hương, tâm phải sáng, rồi mới tới tấm lòng thành, gia tiên chứng là chứng tấm lòng, ấy là lý do vì sao trong tế lễ người ta luôn đặt chữ “Thành Tâm\" lên đầu chứ không thể hiện qua nén nhang cong”.\r\n\r\nThông thường quy trình làm nhang đậu tàn hay còn gọi là nhang quăn phải mất 4 - 5 tháng từ khâu chọn nguyên liệu làm tăm hương, ngâm nguyên liệu, rồi phơi nắng và chẻ tăm hương bằng tay. Ngày nay, quá trình công nghiệp hoá kéo theo khâu sản xuất hương nhang cũng trở nên “đơn giản” hơn rất nhiều, người ta có thể bỏ ra những đồng phí rất nhỏ để mua đủ loại hoá chất sản xuất ra một cây nhang đậu tàn đẹp mắt. Một số cơ sở hoạt động chui ngâm hương vào dung dịch axit phốtphoric (H3PO4). Khi cháy, chất này sẽ làm tăng nhiệt độ, giúp hương cháy nhanh. Đây là điều kiện để tăm hương được cuốn tròn lại và không bị gãy. Tuy nhiên, quá trình cháy sẽ tạo ra khí P2O5. Đây là khí độc, nếu ngửi lâu dài có thể gây ngộ độc. Hương càng cong, đậu tàn càng đẹp mắt hàm lượng hoá chất càng cao.\r\n\r\nĐể tiết kiệm chi phí sản xuất và hạ thấp giá thành, người ta thường sử dụng thành phần tạo mùi thơm là những hợp chất thơm có tên khoa học là benzene. Sau khi đốt, khói nhang chứa chất làm thơm benzene có thể làm tổn thương mắt, da, hệ hô hấp, hệ thần kinh trung ương, gan, thận,...\r\n\r\nNgày nay, những người sành cổ mong muốn tìm một nén nhang trầm dó bầu mộc mạc làm thủ công ngày đó giờ cũng khó tìm thấy được, thay vào đó là những nén nhang hoá học đủ mọi mùi vị trầm có, thảo mộc có, hương hoa có, thứ hương hoá học này cứ quyện mãi trong không gian ngay cả khi nén hương đã tàn nguội hẳn. Người ta nói mãi về tác hại của thuốc lá, nhưng nén nhang hoá chất mới chính là kẻ giết người thầm lặng mà khoa học cảnh báo chúng ta lâu nay thì có mấy người để tâm đến?\r\n\r\nTrầm Hương Thiền Việt - Thương hiệu danh tiếng từ người đàn ông nặng duyên với văn hoá tâm linh Việt\r\n\r\nÔng Bình chia sẻ: “Xuất phát từ việc chính bản thân tôi ngày xưa mỗi lần theo Thầy tu luyện trong mật thất, mỗi khi có pháp đàn, thứ ám ảnh nhất với tôi chính là những mùi của hương đốt, hương trầm, rồi những loài linh dược khiến mắt lúc nào cũng nhoè nhoẹt , cay xè bởi khói. Thực sự những thứ hương liệu đầy hoá chất, được tẩm ướp vào trầm vào hương khiến người ta rất khó chịu, mỗi lần có khoá lễ vừa tụng kinh vừa phải bịt mũi nhắm mắt mất hết sự thành kính linh thiêng. Không chỉ có tôi mà các Thầy, các vị Hòa Thượng, các Phật tử bây giờ cũng phải sử dụng thường xuyên những thứ độc hại đó.\r\n\r\nTrăn trở nhiều năm, cái tâm với văn hoá tâm linh Việt thôi thúc ông Bình tìm tòi, học hỏi các bài thuốc, cách pha chế, chế biến các loại hương nhang cũng như các loại bột linh mộc từ làng nghề sản xuất truyền thống của quê hương, rồi khăn gói sang tận Vương quốc Butan, Ấn Độ, Tây Tạng - cái nôi của Tâm linh thế giới để tìm hiểu những nguyên liệu tốt nhất hỗ trợ thiền định, tịnh hóa pháp đàn hiệu quả.\r\n\r\nTại xứ sở này, ông Bình nhận thấy nguyên liệu chính được sử dụng để sản xuất là các loại thảo mộc rất đặc biệt trong đó nổi bật lên một số loại quý hiếm có nhiều ở Việt Nam như Trầm Hương, Hoàng Đàn,.. và nhiều loại dược vật khác có thể được bào chế ngay tại quê hương mình, nguyên chất và tốt hơn rất nhiều. Nhờ nhân duyên được các Thầy chỉ bảo cách chế luyện bí truyền, ông Bình đã kết hợp những dược liệu độc đáo ở Tây Tạng với các thảo mộc quý Việt Nam và cho ra đời thương hiệu Trầm Hương Thiền Việt.\r\n\r\nhttps://icdn.dantri.com.vn/thumb_w/640/2019/01/21/anh-1-1548051361504.jpg\r\n\r\nNhang trầm và nụ trầm cao cấp là một trong những sản phẩm đầu tiên của Trầm Hương Thiền Việt được làm từ bột trầm hương nguyên chất tinh khiết, kết tinh từ Linh khí của Đất Trời nên được coi là sợi dây kết nối linh thiêng nhất giữa thế giới tâm linh và thế giới thực tại.\r\n\r\nSẠCH 100%: Nguyên liệu Trầm Hương được trồng tại vùng đất đạt điều kiện sạch, an toàn về nguồn nước. Quy trình sản xuất khép kín, chuyên nghiệp, Không hóa chất tạo màu, không hương liệu tạo mùi, không phụ gia bảo quản.\r\nKHÔNG ĐẬU TÀN, ÍT TẠO KHÓI: Với thành phần 100% tự nhiên từ trầm hương nguyên chất, kết dính bởi keo của cây bời lời, khi cháy không đậu tàn cong (như nhang hóa chất rất nguy hiểm), mật độ khói rất ít vì không ngâm tẩm các hóa chất và hương liệu độc hại.\r\nAN TOÀN CHO MỌI THÀNH VIÊN GIA ĐÌNH: Sản phẩm sạch với mùi hương đặc biệt dễ chịu cho người già, trẻ nhỏ và người bị hen suyễn, hô hấp, dị ứng.\r\nNgoài nhang trầm và nụ trầm, Trầm Hương Thiền Việt còn ra mắt sản phẩm độc quyền là Bột Ngũ Linh Thần Mộc . Bột Ngũ Linh Thần Mộc được bào chế hoàn toàn nguyên chất từ các loại gỗ quý: Hoàng Đàn, Bách xanh, Sưa đỏ, Huyết rồng, Ngọc am, kết hợp cùng các linh dược và thảo mộc tự nhiên chế luyện ra mà thành. Đây là những loại gỗ cực kỳ quý hiếm có tuổi đời lên tới hàng ngàn năm, đã hấp thu đầy đủ linh khí và tinh hoa của đất trời, mang khí mộc dưỡng tốt cho sức khỏe và công dụng tuyệt vời được ứng dụng rộng rãi trong phong thủy, thích hợp sử dụng khi Nhập Trạch, Khai Trương, Xông nhà Năm mới, Thiền định thư giãn…\r\n\r\nhttps://icdn.dantri.com.vn/thumb_w/640/2019/01/21/anh-2-1548051337537.jpg\r\n\r\nVới những sản phẩm được bào chế từ các linh mộc thiên nhiên 100% sạch và an toàn cho sức khỏe, các linh dược, thần mộc đã được gia trì, trì chú, hoạt hóa và kích hoạt năng lượng để phát huy tốt nhất công dụng trong phong thủy, tâm linh. Sau 5 năm ra đời, thương hiệu Trầm Hương Thiền Việt đã có mặt tại khắp mọi nơi, từ các đình đền, miếu mạo, trên ban thờ gia tiên, thậm chí còn được bạn bè quốc tế đón nhận như một sản phẩm tâm linh của người Việt.\r\n\r\nhttps://icdn.dantri.com.vn/thumb_w/640/2019/01/21/tram-huong-thien-viet-mot-nen-nhang-thap-len-la-mot-tam-long-thanh-kinh-duoc-gui-tra-odocx-1548050640539.jpeg\r\n\r\nNói như ông Bình, không chỉ trên phương diện sức khoẻ, nén nhang còn gửi gắm giá trị tín ngưỡng và tâm linh, thắp lên nén hương luôn phải đặt chữ “Thành Tâm\" lên đầu. Thiết nghĩ chúng ta nên đặt tâm vào việc chọn nén nhang sạch trước là vì sức khoẻ cả gia đình, sau là thể hiện lòng kính hiếu với gia tiên tiền tổ và cũng là gìn giữ nét đẹp tâm linh Việt Nam.', 13, '2;9;19;20', 'Published', 0),
(56, 'Quảng Bình tổ chức thi lại môn Văn sau sự cố trùng đề và giám thị ký nhầm trên giấy thi', 'Sau sự cố trùng đề thi Văn và giám thị ký nhầm trên giấy thi khiến 24 thí sinh phải làm lại bài thi Văn khi đã hết 1 nửa thời gian, Ban Chỉ đạo Kỳ thi tuyển sinh vào lớp 10 tại Quảng Bình đã quyết định tổ chức thi lại môn này. ', 7, 0, 'de-thi-giong-nhau-1559555601651.jpg', '2019-06-15', 'Sáng 4/6, ông Nguyễn Văn Thông, Phó Chánh phụ trách Văn phòng Sở Giáo dục và Đào tạo (GD-ĐT) Quảng Bình đã xác nhận nội dung trên. Theo đó, vì trong đề môn Ngữ văn, thi vào sáng 3/6 có một số nội dung và câu hỏi giống với đề kiểm tra học kỳ 2 năm học 208-2019 của Phòng GD-ĐT thành phố Đồng Hới, Ban chỉ đạo kỳ thi tuyển sinh vào lớp 10 tại Quảng Bình đã quyết định tổ chức thi lại môn Ngữ văn vào 14h30 ngày 5/6.\r\n\r\nBan chỉ đạo thi đề nghị các điểm thi kịp thời thông báo đến học sinh. Việc làm nhằm đảm bảo công bằng cho các thí sinh trong toàn tỉnh.\r\n\r\nhttps://icdn.dantri.com.vn/thumb_w/640/2019/06/03/de-thi-giong-nhau-1559555601651.jpg\r\n\r\nThông tin với Dân trí, các thí sinh của nhiều điểm thi tại Quảng Bình cho biết đã nhận được thông báo về việc thi lại môn Văn. Tuy nhiên quyết định này vấp phải luồng dư luận trái chiều. Trong đó, nhiều phụ huynh và học sinh kịch liệt phản đối.\r\n\r\n“Sáng nay em được thông báo thi lại và rất buồn, bởi bài thi hôm trước em làm rất tốt, giờ bắt em thi lại không biết kết quả sẽ như thế nào, thực sự giờ em rất lo và áp lực”, em Đinh Thị Thu Trang, thí sinh tại điểm thi Trường THPT Tuyên Hóa chia sẻ.\r\n\r\nhttps://icdn.dantri.com.vn/thumb_w/640/2019/06/03/img-3815-1559527474499.jpg\r\n\r\nCũng tại điểm thi Trường THPT Tuyên Hóa, rất nhiều phụ huynh đang xôn xao khi biết thông tin con em mình sẽ phải thi lại môn Văn học. Một số phụ huynh cho hay, họ sẽ làm đơn kiến nghị, phản đối việc bắt học sinh thi lại.\r\n\r\n“Cái này rất vô lý, các em đã rất áp lực sau kỳ thi, giờ lại nghe tin thi lại chắc chắn sẽ lo lắng, không có tâm trạng đâu mà thi lại. Học tài thi phận, các em đã làm bài lần 1 tốt rồi mà thi lại nữa thì rất thiệt thòi”, Chị Thùy, một phụ huỵnh nêu quan điểm.\r\n\r\nTrong khi đó, cũng có nhiều học sinh và phụ huynh cho rằng nếu thi lại sẽ đảm bảo công bằng cho các thí sinh sau sự cố trùng đề kiểm tra học kỳ 2 của các trường THCS tại thành phố Đồng Hới.\r\n\r\n“Em thấy việc thi lại bằng một đề Văn mới sẽ đảm bảo công bằng, bởi nó không ảnh hưởng nhiều đến kiến thức, nếu ôn tập rồi thì làm đề mới cũng sẽ tốt như đề đã thi mà thôi. Tuy nhiên việc thi lại chắc chắn làm bọn em áp lực hơn và gây tiếc nuối nếu không làm tốt bằng lần thi trước”, em Đoàn Hồng Ngọc, học sinh Trường THCS Đức Ninh Đông nêu quan điểm.\r\n\r\nhttps://icdn.dantri.com.vn/thumb_w/640/2019/06/03/img-3833-1559555832805.jpg\r\n\r\nBên cạnh đó, theo nhiều ý kiến của phụ huynh và giáo viên tại Quảng Bình, sự cố trùng đề và cả việc giáo viên ký nhầm khiến 24 học sinh phải làm lại bài thi đều diễn ra tại thành phố Đồng Hới. Điều này ảnh hưởng trực tiếp đến kết quả thi của các em thi tuyển vào Trường THPT Chuyên Võ Nguyên Giáp và Trường THPT Đào Duy Từ. Do vậy có thể xem xét phương án thi lại bằng một đề khác dành cho các trường ở Đồng Hới để tránh tốn kém và gây ảnh hưởng đến học sinh toàn tỉnh.\r\n\r\nNhư Dân trí đã phản ánh, trong kỳ thi tuyển sinh vào lớp 10 tại Quảng Bình đã liên tiếp xảy sự cố ở bài thi môn Văn. Cụ thể, đề thi bộ môn này giống với đề kiểm tra học kỳ 2 của các trường THCS tại Đồng Hới  Làm mất đi tính công bằng, minh bạch của kỳ thi. Đặc biệt là gây thiệt thòi cho học sinh các huyện so với học sinh các trường tại TP Đồng Hới khi thi tuyển vào Trường THPT Chuyên Võ Nguyên Giáp. Điều này còn gây bức xúc cho các phụ huynh và ảnh hưởng đến tâm lý của các em học sinh ngay trong kỳ thi.\r\n\r\nhttps://icdn.dantri.com.vn/thumb_w/640/2019/06/03/img-3834-1559555741919.jpg\r\n\r\nCũng trong môn thi Văn, tại điểm thi Trường THPT Chuyên Võ Nguyên Giáp đã xảy ra sự việc giám thị coi thi ký nhầm vào ô của cán bộ chấm thi. Khi thời gian làm bài trôi qua hơn một nửa thì 2 giám thị coi thi của phòng thi số 25 mới phát hiện ký nhầm, sự tắc trách này khiến 24 thí sinh phải làm lại bài thi từ đầu.\r\n\r\nDo thời gian đã trôi qua hơn một nửa, lại phải làm lại bài nên nhiều sĩ tử đã òa khóc ngay tại phòng thi. Được biết 2 giám thị coi thi này hiện là giáo viên của Trường THPT Trần Phú, huyện Bố Trạch và đã bị đình chỉ công tác coi thi.', 17, '21;3;4;6', 'Published', 1),
(57, 'Nghệ An chào đón nam sinh đoạt HCB Olympic Tin học châu Á năm 2019', 'Hoàng Phan Hữu Đức là 1 trong 7 học sinh của Việt Nam giành Huy chương Bạc Olympic Tin học châu Á năm 2019. Thành tích của nam sinh Trường chuyên THPT Phan Bội Châu đứng thứ 3 trong đội tuyển Việt Nam và xếp thứ 36/660 học sinh tham dự cuộc thi này. ', 7, 0, 'doc-hcb-1559541282805.jpg', '2019-06-10', 'Sáng 3/6, Sở GD&ĐT Nghệ An, Trường THPT chuyên Phan Bội Châu tổ chức lễ chào đón em Hoàng Phan Hữu Đức (lớp 11A2) - người vừa xuất sắc giành Huy chương Bạc Olympic Tin học châu Á năm 2019.\r\n\r\nhttps://icdn.dantri.com.vn/thumb_w/640/2019/06/03/doc-hcb-1559541282805.jpg\r\n\r\nKỳ thi Olympic Tin học châu Á năm 2019 do Cộng hòa Liên bang Nga đăng cai và được tổ chức thi theo hình thức trực tuyến. Ở kỳ thi này, học sinh Hoàng Phan Hữu Đức là một trong 7 học sinh của Việt Nam giành Huy chương Bạc. Thành tích của Đức đứng thứ 3 trong đội tuyển và xếp thứ 36/660 học sinh tham dự cuộc thi. Kết quả này góp phần quan trọng đưa đoàn Việt Nam đứng thứ 8 trong tổng số 31 nước tham dự giải và là kết quả cao nhất của đoàn Việt Nam tính từ năm 2013 đến nay.\r\n\r\nHoàng Phan Hữu Đức cũng là thí sinh thủ khoa đầu vào lớp chuyên Tin, Trường THPT chuyên Phan Bội Châu. Tại kỳ thi học sinh giỏi quốc gia vừa qua, Hoàng Phan Hữu Đức và người anh em song sinh của mình xuất sắc đoạt giải Nhì môn Tin học.\r\n\r\nTại buổi lễ, Giáo sư Thái Văn Thành - Giám đốc Sở GD&ĐT Nghệ An chúc mừng kết quả mà em Hoàng Phan Hữu Đức đã đạt được, đồng thời nhấn mạnh đây không chỉ là vinh dự riêng cho cá nhân học sinh và Trường THPT chuyên Phan Bội Châu mà còn là niềm tự hào chung của ngành giáo dục và học sinh toàn tỉnh Nghệ An.\r\n\r\nhttps://icdn.dantri.com.vn/thumb_w/640/2019/06/03/don-hcb-1559541325205.jpg\r\n\r\nVới thành tích đạt được tại Kỳ thi Olympic Tin học châu Á, Hoàng Phan Hữu Đức cũng là học sinh đem về tấm huy chương đầu tiên cho Trường THPT chuyên Phan Bội Châu tại các kỳ thi Olympic khu vực và quốc tế trong năm 2019.\r\n\r\nNgoài em Hoàng Phan Hữu Đức, sắp tới, có 3 học sinh của Trường THPT chuyên Phan Bội Châu sẽ tham dự kỳ thi Olympic Sinh học, Toán học Quốc tế và Olympic Vật lý châu Âu.', 18, '21;23;25;5', 'Published', 0);
INSERT INTO `news` (`news_id`, `Title`, `Summary`, `Writer_ID`, `Views`, `Thumbnail_image`, `Date`, `Content`, `Subcat_ID`, `Tag_ID`, `Status`, `Premium`) VALUES
(58, 'Gặp cậu học trò phố núi sở hữu hàng loạt giải thưởng môn Tin học', 'Những ngày cuối tháng 5, khi bạn bè đồng trang lứa đang hối hả, gấp rút ôn thi cho kỳ thi THPT quốc gia thì em Trần Thế Phong (lớp 12 chuyên Tin, trường THPT Chuyên Nguyễn Du, TP. Buôn Ma Thuột, Đắk Lắk) lại đang trau dồi tiếng Anh để chuẩn bị hành trang tốt nhất khi bước vào giảng đường đại học. ', 7, 0, 'mg-7099-1559199263473.jpg', '2019-06-13', 'Em Trần Thế Phong nổi bật với hàng loạt giải thưởng lớn nhỏ ở bộ môn Tin học, khi còn học lớp 9 em đã đạt giải Nhất Học sinh giỏi (HSG) tỉnh môn Tin học. Sau đó, em thi đậu vào lớp chuyên Tin trường THPT Chuyên Nguyễn Du (TP. Buôn Ma Thuột, Đắk Lắk). Phát hiện Phong có năng khiếu đặc biệt các thầy cô nhà trường đã hướng dẫn, ôn luyện em thử sức trong các kỳ thi HSG quốc gia.\r\n\r\nhttps://icdn.dantri.com.vn/thumb_w/640/2019/05/30/mg-7093-1559199972771.jpeg\r\n\r\nVào năm học lớp 10, Phong đã đoạt giải Khuyến khích HSG quốc gia môn Tin học và là học sinh duy nhất của tỉnh đoạt giải HSG quốc gia ngay từ năm học lớp 10. Đến năm học lớp 11, em đạt giải Ba HSG quốc gia môn Tin học và đến lớp 12 em đã đoạt giải Nhất môn Tin học với điểm số thủ khoa toàn quốc. Ngoài ra, Phong còn là học sinh đầu tiên của tỉnh Đắk Lắk được tuyển chọn tham dự kỳ thi Olympic Tin học châu Á - Thái Bình Dương năm 2019.\r\n\r\nChia sẻ về những thành tích đạt được, Phong khiêm tốn cho biết em được tiếp xúc môn tin học từ năm học lớp 8 và đam mê từ lúc đó.\r\n\r\n“Mỗi khi ngồi vào máy tính em lại thích thú khám phá và tìm hiểu thêm về phương pháp lập trình. Em được thầy giáo chủ nhiệm và nhà trường hỗ trợ, tạo điều kiện rất nhiều để nâng cao kiến thức, ngoài ra em còn được tham gia trại hè môn Tin hàng năm và được tiếp xúc với các chuyên gia đầu ngành của bộ môn này qua đó em được học hỏi rất nhiều điều bổ ích để áp dụng trong những kỳ thi” - Phong chia sẻ.\r\n\r\nhttps://icdn.dantri.com.vn/thumb_w/640/2019/05/30/mg-7071-1559199205485.jpg\r\n\r\nCũng theo Phong, để chuẩn bị cho kỳ thi HSG quốc gia, ban giám hiệu nhà trường đã tổ chức cho em được ôn luyện bài bản, được học hỏi nhiều giải dạng đề liên quan và không tạo bất cứ áp lực nào nên khi đi thi em rất thoải mái. “Đề thi HSG quốc gia khó và em may mắn đã có được kết quả tốt. Bố mẹ em cũng rất vui mừng và đó cũng là động lực lớn để em không ngừng vươn lên vì tương lai phía trước của em còn rất dài”, Phong nói.\r\n\r\nVới kết quả này, Phong được miễn thi THPT quốc gia và tuyển thẳng vào trường ĐH Công nghệ Hà Nội nơi sẽ biến ước mơ trở thành kỹ sư công nghệ của em thành hiện thực. Do vậy, trong thời gian này khi bạn bè đang ôn thi tích cực cho kỳ thi THPT quốc gia, riêng em lại trau dồi Tiếng Anh để chuẩn bị tốt nhất khi bước vào giảng đường đại học.\r\n\r\nTại Trường THPT Chuyên Nguyễn Du, thầy giáo Lê Quang Nhân (giáo viên chủ nhiệm lớp 12 chuyên Tin) được mệnh danh “mát tay” trong việc đào tạo học sinh giỏi, thầy trực tiếp đào tạo và bồi dưỡng thành công 29 học sinh đoạt giải HSG cấp quốc gia, trong đó có em Trần Thế Phong.\r\n\r\nhttps://icdn.dantri.com.vn/thumb_w/640/2019/05/30/mg-7099-1559199263473.jpg\r\n\r\nThầy Nhân chia sẻ, thời đại cách mạng công nghiệp 4.0 phát triển nhanh chóng nên các phần mềm, công nghệ mới ra đời liên tục đáp ứng thực tiễn cuộc sống nên kiến thức môn Tin cũng phải nâng cấp không ngừng đòi hỏi người thầy và học sinh phải liên tục cập nhật nâng cao kiến thức.\r\n\r\nĐối với các học sinh trong đội tuyển HSG quốc gia, thầy Nhân cho biết ở các em nổi bật là nghiêm túc trong quá trình nghiên cứu có kế hoạch học tập rất rõ ràng. “Các em có sự tự học, sự tìm tòi cá nhân, ngoài ra các em còn tổ chức các buổi học nhóm rất bổ ích. Cá nhân tôi chỉ truyền đạt kiến thức và khơi nên sự thích thú cho môn học. Điều cốt lõi là sự ham học hỏi, say mê yêu thích việc học của các em mới có thể thành công” - thầy Nhân cho biết thêm.\r\n\r\nVề cậu học trò Trần Thế Phong, thầy Nhân nhận xét đây là học sinh xuất sắc, ưu tú ở em nổi trội với bề dày thành tích đạt được. “Em Phong là niềm tự hào của gia đình, nhà trường và toàn ngành giáo dục tỉnh nhà. Tôi cảm thấy mình rất may mắn và hạnh phúc khi có được một học sinh giỏi toàn diện như vậy, em xứng đáng là tấm gương sáng cho những học sinh khác noi theo” - thầy Nhân chia sẻ thêm.\r\n\r\nVừa qua, Sở GD-ĐT Đắk Lắk đã tổ chức lễ tuyên dương học sinh, giáo viên đạt thành tích cao ở kỳ thi quốc gia và khu vực năm học 2018 - 2019. Trong đó, thầy trò Lê Quang Nhân - Trần Thế Phong nổi bật ở lễ tuyên dương và được lãnh đạo tỉnh Đắk Lắk cùng ngành Giáo dục bày tỏ sự khen ngợi, động viên. Đồng thời, thầy trò cũng nhận được những phần thưởng xứng đáng với kết quả cao đã nỗ lực đạt được.', 19, '9;7;18;16', 'Published', 0),
(59, 'Bắt tay “chúa đảo” Tuần Châu xây dự án tới 5.000 tỷ đồng, “trùm xây dựng” có thoát đáy?', 'Cổ phiếu CTD của Coteccons đã xuống đáy 1 năm. Hiện, “ông trùm xây dựng” và tập đoàn Tuần Châu đã ký hợp tác chiến lược để xây dựng và phát triển các dự án bất động sản tại Quảng Ninh, Hà Nội, Quảng Nam, Vũng Tàu, TP HCM… và sẽ mở màn bằng dự án quy mô tới 4.500 - 5.000 tỷ đồng. ', 4, 0, 'ctd-1559602680158.jpg', '2019-06-04', 'Tình trạng bán tháo diễn ra trong phiên giao dịch chiều khiến không ít nhà đầu tư bất ngờ dù suốt phiên hôm qua (3/6), các chỉ số đều diễn biến dưới đường tham chiếu.\r\n\r\nVN-Index kết phiên đánh mất 13,41 điểm tương ứng 1,4% còn 946,47 điểm. Đây là thiệt hại khá nặng nề đối với chỉ số chính ngay trong đầu tuần mới và đầu tháng mới, ghi nhận mất mốc 950 điểm. Mức giảm này cũng đưa VN-Index trở thành chỉ số giảm mạnh nhất châu Á trong phiên hôm qua. Còn HNX-Index cũng để mất 1,07 điểm tương ứng 1,03% còn 103,28 điểm.\r\n\r\nTrên toàn thị trường có 424 mã giảm giá, 32 mã giảm sàn so với 189 mã tăng và 41 mã tăng trần. Trong đó, riêng rổ VN30 có tới 27 mã giảm điểm và chỉ có 3 mã tăng.\r\n\r\nTrong khi các mã tăng như SAB, EIB không đủ “đỡ” VN-Index thì GAS, VHM, TCB, HVN, BID… lại góp phần “dìm” chỉ số. GAS khiến chỉ số mất 1,65 điểm, VHM khiến chỉ số mất 1,4 điểm, TCB khiến chỉ số mất 1,15 điểm; HVN và BID mỗi mã khiến chỉ số mất gần 1 điểm.\r\n\r\nHôm qua, nhóm cổ phiếu dầu khí giảm mạnh: PVS mất 5,3%; PVD mất 5,1%; BSR mất 5,1%; PLX mất 2,9% và GAS mất 2,8%. Cổ phiếu ngân hàng cũng bị bán ra đồng loạt: TCB mất 4,9%; BID mất 2,9%; LPB mất 2,5% và MBB mất 2,4%.\r\n\r\nTrong phiên các chỉ số giảm mạnh, thanh khoản có cải thiện nhưng không đáng kể. Có 184,65 triệu cổ phiếu giao dịch trên HSX tương ứng giá trị giao dịch đạt 4.552,21 tỷ đồng; con số này trên HNX là 31,27 triệu cổ phiếu tương ứng 352,27 tỷ đồng.\r\n\r\nhttps://icdn.dantri.com.vn/thumb_w/640/2019/06/04/ctd-1559602680158.jpg\r\n\r\nPhiên này, cổ phiếu CTD của “trùm xây dựng” Coteccons giảm nhẹ 100 đồng (chưa tới 0,1%) còn 110.900 đồng/cổ phiếu. Đây là mức giá thấp nhất trong vòng 1 năm qua của CTD, ghi nhận mức giảm 19,67% so với thời điểm này năm ngoái.\r\n\r\nHôm qua, Coteccons và tập đoàn Tuần Châu đã ký hợp tác chiến lược để xây dựng và phát triển các dự án bất động sản tại Quảng Ninh, Hà Nội, Quảng Nam, Vũng Tàu, TP HCM và các dự án khác trong thời gian tới.\r\n\r\nTheo kế hoạch, dự án đầu tiên được thực hiện sau hợp tác là tổ hợp khách sạn, biệt thự, căn hộ nghỉ dưỡng và khu vui chơi giải trí tại đảo Tuần Châu, tỉnh Quảng Ninh. Dự án này được xây dựng trên khu đất có diện tích 4,8 ha, nằm tại vị trí trung tâm của đảo Tuần Châu với 3 mặt giáp biển. Giá trị đầu tư của dự án dự kiến khoảng 4.500 - 5.000 tỷ đồng.\r\n\r\nTheo BVSC, VN-Index dự báo sẽ tiếp tục giảm về vùng hỗ trợ 930-940 điểm trong phiên kế tiếp. Với việc nhiều nhóm cổ phiếu có dấu hiệu rơi vào trạng thái quá bán, thị trường được kỳ vọng sẽ cho phản ứng hồi phục tăng điểm trở lại tại vùng hỗ trợ trên.  Nếu kịch bản này xảy ra, chỉ số có thể quay lại thử thách vùng kháng cự 958-963 điểm.\r\n\r\nVề diễn biến một số nhóm ngành, các cổ phiếu dầu khí đang sụt giảm nhanh về các vùng hỗ trợ gần và nhiều khả năng nhóm ngành này sẽ sớm xuất hiện nhịp hồi kỹ thuật trong một vài phiên kế tiếp.\r\n\r\nNhóm ngân hàng và một số cổ phiếu vốn hóa lớn được cho là vẫn duy trì xu hướng giảm và có thể sẽ giảm phá vùng đáy cũ tháng 4, trước khi có phản ứng hồi phục trở lại.\r\n\r\nTrong bối cảnh thị trường đang có xu hướng biến động mạnh theo hướng tiêu cực trong ngắn hạn, nhà đầu tư được khuyến nghị tiếp tục đứng ngoài thị trường và duy trì tỷ trọng thấp 20% cổ phiếu.\r\n\r\nĐối với các nhà đầu tư đang nắm giữ tỷ trọng tiền mặt cao, có thể thực hiện các hoạt động trading với tỷ trọng thấp, mang tính do đáy đối với các cổ phiếu có sẵn trong danh mục khi thị trường giảm về vùng hỗ trợ 930-940 điểm.', 1, '18;16;17;3', 'Approved and draft', 0),
(60, 'Nhiều doanh nghiệp “bỏ trốn” để lại hàng ngàn tỷ đồng nợ thuế khó đòi', 'Hơn 1.000 doanh nghiệp nợ thuế đã bị Cục Hải quan TPHCM “bêu tên”, trong đó có nhiều doanh nghiệp vốn đầu tư nước ngoài nợ thuế đã bỏ trốn. ', 4, 0, 'hai-quan-56-1-1559721809580.jpg', '2019-06-04', 'https://icdn.dantri.com.vn/thumb_w/640/2019/06/05/hai-quan-56-1-1559721809580.jpg\r\n\r\nNợ thuế hơn 150 tỷ đồng rồi “biệt tích”\r\n\r\nCục Hải quan TPHCM cho biết, tính đến ngày 15/5, tổng số nợ thuế tại đơn vị này là hơn 2.430 tỷ đồng. Trong đó, có hơn 1.400 tỷ đồng thuộc diện nợ thuế khó thu hồi, số còn lại thuộc diện nợ có khả năng thu.\r\n\r\nTheo Cục Hải quan TPHCM, mặc dù không để nợ khó đòi phát sinh trong thời gian gần đây nhưng hơn 1.400 tỷ đồng thuộc diện nợ khó đòi phát sinh từ nhiều năm trước đã khiến cơ quan này phải vất vả theo dõi.\r\n\r\nThời gian qua, Cục Hải quan TPHCM đã áp dụng các biện pháp thu hồi thuế theo quy định tại Luật Quản lý thuế nhưng vẫn không hiệu quả, bởi vì doanh nghiệp nợ thuế không còn hoạt động tại địa chỉ đăng ký kinh doanh.\r\n\r\nĐể xử lý số nợ này, mới đây, Cục Hải quan TPHCM đã công bố danh sách 1.047 doanh nghiệp nợ thuế chây ì, với tổng số nợ trên 996 tỷ đồng nợ thuế khó đòi.\r\n\r\nĐứng đầu danh sách nợ thuế xuất nhập khẩu là Công ty Cổ phần NIVL (ấp 6, Xã Lương Hòa, Huyện Bến Lức, Long An). Theo thông báo của Cục Hải quan TPHCM, tính đến hết tháng 4/2019, công ty này đã nợ số tiền thuế lên đến hơn 150 tỷ đồng.\r\n\r\nCông ty Cổ phần NIVL là doanh nghiệp 100% vốn đầu tư nước ngoài, được cấp phép kinh doanh từ năm 1998 và hoạt động từ tháng 6/2007. Doanh nghiệp này do ông A Nanda Kumar làm giám đốc với ngành nghề kinh doanh chính là sản xuất đường, bán buôn gạo, bán buôn thực phẩm, sản xuất – truyền tải và phân phối điện.\r\n\r\nHiện doanh nghiệp này đã ngưng hoạt động, chủ doanh nghiệp cũng đã về nước, để lại số nợ “khổng lồ” cho ngân sách Nhà nước.\r\n\r\nDoanh nghiệp FDI là nợ “khủng” nhất\r\n\r\nTheo Cục Hải quan TPHCM, trong số hơn 1.000 doanh nghiệp nợ thuế với tổng số tiền nợ gần 1.000 tỷ đồng thì các doanh nghiệp có vốn đầu tư nước ngoài (FDI) là những doanh nghiệp nợ tiền thuế nhiều nhất.\r\n\r\nĐiển hình, Công ty TNHH Silver Star Việt Nam đang nợ số tiền thuế hơn 47 tỷ đồng. Đây là doanh nghiệp có trụ sở đăng ký tại Khu phố 5, phường Bình Trị Đông, quận Bình Tân. Doanh nghiệp hoạt động từ năm 1998, chuyên sản xuất giày dép do Lai Chun Hsiung làm giám đốc. Thế nhưng, đến năm 2011 thì doanh nghiệp này ngừng hoạt động và chưa đóng tiền thuế.\r\n\r\nhttps://icdn.dantri.com.vn/thumb_w/640/2019/06/05/hai-quan-56-4-1559721809539.jpg\r\n\r\nTương tự, Công ty TNHH Neocase Inc Việt Nam cũng có số tiền nợ thuế lên đến gần 30 tỷ đồng. Công ty Neocase Inc Việt Nam hoạt động từ năm 2007 và ngừng hoạt động từ năm 2014 với địa chỉ đăng ký tại Khu Phố 2, phường Thới An, quận 12. Đây là doanh nghiệp chuyên kinh doanh balo, túi xách do Jeon Jeong Jae là người đại diện pháp luật.\r\n\r\nĐại diện Cục Hải quan TPHCM cho biết, đa phần các công ty nợ thuế lớn thuộc diện khó thu hồi đều là những doanh nghiệp kinh doanh giày dép, may mặc, sản xuất gia công – xuất khẩu…\r\n\r\nCụ thể như: Công ty TNHH sản xuất giày dép Kwang Nam nợ thuế gần 36 tỷ đồng; Công ty TNHH May mặc Hong Better nợ 22,4 tỷ đồng; Công ty TNHH Sang Chun nợ 20 tỷ đồng, Công ty may mặc S.M nợ 17,4 tỷ đồng; Công ty Karos nợ gần 21 tỷ đồng; Công ty TNHH Vina Haeng Woon Industry nợ hơn 21 tỷ đồng; Công ty TNHH thời trang Sepplus Việt Nam nợ hơn 19 tỷ đồng…\r\n\r\nTheo Cục Hải quan TPHCM, số nợ thuế nêu trên hầu hết thuộc diện nợ cưỡng chế, phát sinh từ nhiều năm về trước. Đặc biệt, nhiều doanh nghiệp nợ thuế đã bỏ trốn khỏi địa chỉ đăng ký kinh doanh.\r\n\r\nMặc dù Cục Hải quan TPHCM đã áp dụng các biện pháp thu hồi thuế theo quy định của Luật Quản lý thuế nhưng vẫn không hiệu quả.', 2, '14;3;4;5', 'Denied', 0),
(61, 'Em trai bầu Đức muốn bán “sạch” cổ phần tại Hoàng Anh Gia Lai', 'Trong khoảng thời gian từ ngày 7/6 đến 6/7, ông Đoàn Nguyên Thu (em trai bầu Đức) sẽ thực hiện bán ra toàn bộ hơn 5 triệu cổ phiếu HAG để “cân đối tài chính cá nhân” và dự thu về 25 tỷ đồng', 1, 0, 'can-tien-em-trai-bau-duc.jpg', '2019-06-11', ' <img src=\"https://icdn.dantri.com.vn/thumb_w/640/2019/06/05/doan-nguyen-thu-1559729994522.jpg\"/>\r\n\r\nÔng Đoàn Nguyên Thu, Thành viên Hội đồng quản trị kiêm Phó Tổng giám đốc Công ty CP Hoàng Anh Gia Lai vừa có văn bản gửi Sở giao dịch chứng khoán TPHCM (HSX) báo cáo về giao dịch cổ phiếu của người nội bộ tại tập đoàn này.\r\n\r\nTheo đó, ông Thu đăng ký bán toàn bộ hơn 5 triệu cổ phiếu HAG đang sở hữu, tương đương 0,54% vốn điều lệ của Hoàng Anh Gia Lai. Giao dịch dự kiến thực hiện từ 7/6 đến 6/7/2019. Ông Thu cho biết thực hiện giao dịch này nhằm mục đích “cân đối tài chính cá nhân”.\r\n\r\nÔng Đoàn Nguyên Thu là em trai của ông Đoàn Nguyên Đức (bầu Đức) - Chủ tịch Hội đồng quản trị Hoàng Anh Gia Lai. Vào cuối năm ngoái, ông Thu từng bị Ủy ban chứng khoán xử phạt hành chính vì chậm báo cáo giao dịch bán gần 1 triệu cổ phiếu HAG.\r\n\r\nUỷ ban cho biết, ngày 13/4/2018, ông Đoàn Nguyên Thu đã bán gần 960.000 cổ phiếu HAG nhưng phải đến ngày 24/4/2018, Sở Giao dịch chứng khoán TPHCM mới nhận được báo cáo kết quả thực hiện giao dịch này. Với vi phạm nói trên, ông bị xử phạt hành chính 22,5 triệu đồng.\r\n\r\nCũng thời gian nói trên, hơn 1,2 triệu cổ phiếu HAG do ông Thu sở hữu đã bị Công ty CP Chứng khoán Tân Việt bán giải chấp để thu hồi nợ.\r\n\r\nÔng Đoàn Nguyên Thu được coi là cánh tay đắc lực cho Chủ tịch Hoàng Anh Gia Lai. Bên cạnh giữ chức vụ lãnh đạo chủ chốt của Hoàng Anh Gia Lai, ông Thu từng là Thành viên Hội đồng quản trị Công ty CP Nông nghiệp Quốc tế Hoàng Anh Gia Lai (HAGL Agrico), song đã từ nhiệm hồi năm ngoái để nhường chỗ cho người của Thaco vào thực hiện hoạt động tái cơ cấu.\r\n\r\nTrên thị trường chứng khoán, cổ phiếu HAG hiện có giá 4.940 đồng sau khi tăng 0,82% trong phiên giao dịch ngày 5/6. Với khối lượng cổ phiếu chuẩn bị bán ra, nếu thực hiện thành công, ông Đoàn Nguyên Thu sẽ nhận về gần 25 tỷ đồng tiền mặt và không còn là cổ đông tại Hoàng Anh Gia Lai.', 1, '1;2;3;4', 'Published', 0),
(62, 'Giao thông: Ít thất thu thuế của taxi công nghệ vì \"ngành thuế nắm rất kỹ\"', 'Bộ trưởng Nguyễn Văn Thể khẳng định, quan điểm của cơ quan Nhà nước sẽ đảm bảo sân chơi công bằng cho doanh nghiệp trong và ngoài nước, các hãng taxi công nghệ và cả truyền thống. ', 1, 0, 'bo-truong-giao-thong-it-nhat.jpg', '2019-06-13', '<img src=\"https://icdn.dantri.com.vn/thumb_w/640/2019/06/05/nguyenvanthecv-15280869004281642959754-1559727396210.jpg\" />\r\n\r\nChất vấn tại Nghị trường Quốc hội chiều nay (5/6), đại biểu Quốc hội Phạm Văn Hòa (Đồng Tháp) đề cập tới \"đề án thí điểm ứng dụng khoa học công nghệ hỗ trợ quản lý và kết nối vận tải hành khách theo hợp đồng. Theo đại biểu, theo đề án số lượng xe tham gia chỉ là hơn 40.000 xe nhưng thực tế có thể gấp 3 lần. Ông đặt câu hỏi tại sao lại có sự chênh lệch cao như vậy.\r\n\r\nBên cạnh đó, đại biểu cũng cho rằng, Grab chỉ nộp thuế khoảng 10 tỷ đồng trong giai đoạn các năm 2014-2016 trong khi taxi truyền thống nộp thuế cả nghìn tỷ đồng. \"Làm sao để quản lý, không có tình trạng \'chui\' số lượng xe, để bảo đảm cạnh tranh lành mạnh,\" đại biểu nhấn mạnh.\r\n\r\nTrả lời cho nội dung trên, Bộ trưởng Bộ Giao thông Vận tải cho biết, theo thống kê, hiện có 48.000 xe tham gia vào đề án thí điểm trên. Tuy nhiên, Bộ trưởng cũng không loại trừ trường hợp một số người dân đăng ký nhưng không hoạt động.\r\n\r\n\"Hiện có 14 đơn vị cung cấp phần mềm ứng dụng trong đó khoảng 12-13 đơn vị phần mềm của Việt Nam. Chúng tôi đã chỉ đạo các đơn vị tại địa phương kết nối số liệu với Bộ Giao thông Vận tải và ngành công an để nắm toàn bộ số xe tham gia vận tải theo dịch vụ công nghệ để quản lý chặt,\" Bộ trưởng thông tin. \r\n\r\nVề con số nộp thuế của taxi công nghệ, Bộ trưởng cho rằng, việc thất thu thuế chắc ít xảy ra vì \"ngành thuế nắm rất kỹ\". \"Quan điểm của cơ quan Nhà nước sẽ đảm bảo sân chơi công bằng cho doanh nghiệp trong và ngoài nước, các hãng taxi công nghệ và cả truyền thống\", Bộ trưởng Thể nói.\r\n\r\nGiải trình thêm về nội dung này, Bộ trưởng Bộ Tài chính Đinh Tiến Dũng cho biết, pháp luật về thuế hiện áp dụng thống nhất giữa các loại hình từ sắc thuế, điều kiện ưu đãi đến miễn giảm thuế.\r\n\r\n\"Doanh nghiệp taxi xác định được doanh thu, chi phí như Mai Linh, Vinasun thì phải nộp thuế theo phương pháp kê khai. Còn phương pháp tính theo tỷ lệ trên doanh thu chỉ áp dụng đối với nhà thầu nước ngoài không đáp ứng điều kiện nộp thuế theo phương pháp kê khai (xác định được doanh thu nhưng không xác định được chi phí)\", Bộ trưởng Dũng nói.\r\n\r\nNgười đứng đầu ngành tài chính cho hay, với các nhà thầu nước ngoài, tỷ lệ ấn định trên doanh thu với thuế thu nhập doanh nghiệp, thuế giá trị gia tăng với loại hình trên đảm bảo phù hợp với từng lĩnh vực kinh doanh.\r\n\r\n\"Thống kê 9 công ty vận tải lớn về công nghệ như Grab Việt Nam, Fastgo... trong năm 2018 và 4 tháng năm nay cho thấy, số thuế phải nộp của các đơn vị này là 437 tỷ đồng. Các đơn vị trên qua đó đã thực hiện nộp 415 tỷ đồng\", ông Dũng thông tin.\r\n\r\nTrước đó, theo ông, Bộ Tài chính đã chỉ đạo Cục Thuế TPHCM kiểm tra thuế tại Uber trong giai đoạn 2014-2016 và qua đó xử lý truy thu 66,68 tỷ đồng. Đến 31/8/2018, Uber đã nộp đủ số tiền trên.\r\n\r\nVề giải pháp thời gian tới, người đứng đầu Bộ Tài chính cho biết sẽ triển khai bổ sung trong Luật Quản lý thuế và các pháp luật liên quan về vấn đề trên. Cùng với đó, cơ quan thuế sẽ chủ động thanh kiểm tra để chống thất thu thuế; kết nối, cung cấp thông tin, triển khai hóa đơn điện tử với các hoạt động kinh doanh trong đó có vận tải hành khách theo hợp đồng điện tử.', 2, '3;5;10;18', 'Published', 0),
(63, '1', '3', 2019, NULL, NULL, '0000-00-00', '123', NULL, '', 'Not yet approved', 0);

-- --------------------------------------------------------

--
-- Table structure for table `news_comment`
--

DROP TABLE IF EXISTS `news_comment`;
CREATE TABLE IF NOT EXISTS `news_comment` (
  `id` int(11) NOT NULL AUTO_INCREMENT,
  `News_ID` int(11) DEFAULT NULL,
  `Subscriber_ID` int(11) DEFAULT NULL,
  `Content` text COLLATE utf8mb4_vietnamese_ci,
  `Date` date DEFAULT NULL,
  PRIMARY KEY (`id`)
) ENGINE=MyISAM AUTO_INCREMENT=9 DEFAULT CHARSET=utf8mb4 COLLATE=utf8mb4_vietnamese_ci;

--
-- Dumping data for table `news_comment`
--

INSERT INTO `news_comment` (`id`, `News_ID`, `Subscriber_ID`, `Content`, `Date`) VALUES
(1, 1, 1, 'Ohh lalala', '2019-06-06'),
(2, 1, 2, 'Oh no no no no', '2019-06-06'),
(3, 1, 2, 'Nope', '2019-06-06'),
(4, 1, 3, 'Oh ho ho ho ho ho', '2019-06-06'),
(5, 2, 1, 'Baddd', '2019-06-06'),
(6, 2, 2, 'Meh', '2019-06-06'),
(7, 2, 2, 'Yike', '2019-06-06'),
(8, 2, 3, 'Oh', '2019-06-06');

-- --------------------------------------------------------

--
-- Table structure for table `news_subcategory`
--

DROP TABLE IF EXISTS `news_subcategory`;
CREATE TABLE IF NOT EXISTS `news_subcategory` (
  `id` int(11) NOT NULL AUTO_INCREMENT,
  `News_ID` int(11) DEFAULT NULL,
  `Subcategory_ID` int(11) DEFAULT NULL,
  PRIMARY KEY (`id`)
) ENGINE=MyISAM AUTO_INCREMENT=61 DEFAULT CHARSET=utf8mb4 COLLATE=utf8mb4_vietnamese_ci;

--
-- Dumping data for table `news_subcategory`
--

INSERT INTO `news_subcategory` (`id`, `News_ID`, `Subcategory_ID`) VALUES
(1, 1, 1),
(2, 2, 2),
(3, 3, 3),
(4, 4, 4),
(5, 5, 6),
(6, 6, 5),
(7, 7, 14),
(8, 8, 15),
(9, 9, 16),
(10, 10, 4),
(11, 11, 5),
(12, 12, 6),
(13, 13, 11),
(14, 14, 12),
(15, 15, 13),
(16, 16, 17),
(17, 17, 18),
(18, 18, 19),
(19, 19, 1),
(20, 20, 2),
(21, 21, 1),
(22, 22, 2),
(23, 23, 3),
(24, 24, 4),
(25, 25, 6),
(26, 26, 5),
(27, 27, 14),
(28, 28, 15),
(29, 29, 16),
(30, 30, 4),
(31, 31, 5),
(32, 32, 6),
(33, 33, 11),
(34, 34, 12),
(35, 35, 13),
(36, 36, 17),
(37, 37, 18),
(38, 38, 19),
(39, 39, 18),
(40, 40, 19),
(41, 41, 1),
(42, 42, 2),
(43, 43, 3),
(44, 44, 4),
(45, 45, 6),
(46, 46, 5),
(47, 47, 14),
(48, 48, 15),
(49, 49, 16),
(50, 50, 4),
(51, 51, 5),
(52, 52, 6),
(53, 53, 11),
(54, 54, 12),
(55, 55, 13),
(56, 56, 17),
(57, 57, 18),
(58, 58, 19),
(59, 59, 1),
(60, 60, 2);

-- --------------------------------------------------------

--
-- Table structure for table `news_tag`
--

DROP TABLE IF EXISTS `news_tag`;
CREATE TABLE IF NOT EXISTS `news_tag` (
  `id` int(11) NOT NULL AUTO_INCREMENT,
  `News_ID` int(11) DEFAULT NULL,
  `Tag_ID` int(11) DEFAULT NULL,
  PRIMARY KEY (`id`)
) ENGINE=MyISAM AUTO_INCREMENT=13 DEFAULT CHARSET=utf8mb4 COLLATE=utf8mb4_vietnamese_ci;

--
-- Dumping data for table `news_tag`
--

INSERT INTO `news_tag` (`id`, `News_ID`, `Tag_ID`) VALUES
(1, 1, 2),
(2, 1, 3),
(3, 1, 10),
(4, 1, 4),
(5, 2, 1),
(6, 2, 5),
(7, 2, 7),
(8, 2, 8),
(9, 3, 5),
(10, 3, 11),
(11, 3, 2),
(12, 3, 6);

-- --------------------------------------------------------

--
-- Table structure for table `reply_comment`
--

DROP TABLE IF EXISTS `reply_comment`;
CREATE TABLE IF NOT EXISTS `reply_comment` (
  `id` int(11) NOT NULL AUTO_INCREMENT,
  `Subscriber_ID` int(11) DEFAULT NULL,
  `Comment_ID` int(11) DEFAULT NULL,
  `Date` date DEFAULT NULL,
  `Content` text COLLATE utf8mb4_vietnamese_ci,
  PRIMARY KEY (`id`)
) ENGINE=MyISAM AUTO_INCREMENT=5 DEFAULT CHARSET=utf8mb4 COLLATE=utf8mb4_vietnamese_ci;

--
-- Dumping data for table `reply_comment`
--

INSERT INTO `reply_comment` (`id`, `Subscriber_ID`, `Comment_ID`, `Date`, `Content`) VALUES
(1, 1, 1, '2019-06-06', 'Haha'),
(2, 3, 1, '2019-06-06', 'Damn'),
(3, 1, 2, '2019-06-06', 'Lul'),
(4, 3, 3, '2019-06-06', 'Ha ha');

-- --------------------------------------------------------

--
-- Table structure for table `sessions`
--

DROP TABLE IF EXISTS `sessions`;
CREATE TABLE IF NOT EXISTS `sessions` (
  `session_id` varchar(128) COLLATE utf8mb4_vietnamese_ci NOT NULL,
  `expires` int(11) UNSIGNED NOT NULL,
  `data` text COLLATE utf8mb4_vietnamese_ci,
  PRIMARY KEY (`session_id`)
) ENGINE=InnoDB DEFAULT CHARSET=utf8mb4 COLLATE=utf8mb4_vietnamese_ci;

--
-- Dumping data for table `sessions`
--

INSERT INTO `sessions` (`session_id`, `expires`, `data`) VALUES
('4Xt3DsKpBa0-XZqj_QDuofeeHTyMzcsW', 1560825295, '{\"cookie\":{\"originalMaxAge\":null,\"expires\":null,\"httpOnly\":true,\"path\":\"/\"},\"isLogged\":true,\"email\":\"1412329@student.hcmus.edu.vn\",\"idAccount\":3,\"name\":\"Minh Vu\",\"birthDate\":\"undefined , \",\"role\":\"writer\"}');

-- --------------------------------------------------------

--
-- Table structure for table `subscriber`
--

DROP TABLE IF EXISTS `subscriber`;
CREATE TABLE IF NOT EXISTS `subscriber` (
  `Account_ID` int(11) NOT NULL AUTO_INCREMENT,
  `User_Name` varchar(50) COLLATE utf8mb4_vietnamese_ci DEFAULT NULL,
  `Password` varchar(50) COLLATE utf8mb4_vietnamese_ci DEFAULT NULL,
  `First_Name` varchar(50) COLLATE utf8mb4_vietnamese_ci DEFAULT NULL,
  `Last_Name` varchar(50) COLLATE utf8mb4_vietnamese_ci DEFAULT NULL,
  `Sign_Up_Date` date DEFAULT NULL,
  `Expired_Date` date DEFAULT NULL,
  PRIMARY KEY (`Account_ID`)
) ENGINE=MyISAM AUTO_INCREMENT=7 DEFAULT CHARSET=utf8mb4 COLLATE=utf8mb4_vietnamese_ci;

--
-- Dumping data for table `subscriber`
--

INSERT INTO `subscriber` (`Account_ID`, `User_Name`, `Password`, `First_Name`, `Last_Name`, `Sign_Up_Date`, `Expired_Date`) VALUES
(1, 'user001', '123456', 'u001', 'user', '2019-06-04', '2019-06-30'),
(2, 'user002', '123456', 'u002', 'user', '2019-06-04', '2019-06-29'),
(3, 'user003', '123456', 'u003', 'user', '2019-06-04', '2019-06-30'),
(4, 'user004', '123456', 'u004', 'user', '2019-06-04', '2019-06-29'),
(5, 'user005', '123456', 'u005', 'user', '2019-06-04', '2019-06-30'),
(6, 'user006', '123456', 'u006', 'user', '2019-06-04', '2019-06-29');

-- --------------------------------------------------------

--
-- Table structure for table `sub_category`
--

DROP TABLE IF EXISTS `sub_category`;
CREATE TABLE IF NOT EXISTS `sub_category` (
  `id` int(11) NOT NULL AUTO_INCREMENT,
  `parentCategoryId` int(11) NOT NULL,
  `subcat_name` varchar(50) COLLATE utf8mb4_vietnamese_ci DEFAULT NULL,
  PRIMARY KEY (`id`)
) ENGINE=MyISAM AUTO_INCREMENT=47 DEFAULT CHARSET=utf8mb4 COLLATE=utf8mb4_vietnamese_ci;

--
-- Dumping data for table `sub_category`
--

INSERT INTO `sub_category` (`id`, `parentCategoryId`, `subcat_name`) VALUES
(1, 1, 'Tài chính - Đầu tư'),
(2, 1, 'Doanh Nghiệp'),
(3, 1, 'Thị Trường'),
(4, 3, 'Chính trị'),
(5, 3, 'Môi trường'),
(6, 3, 'Đời sống văn hóa'),
(8, 2, 'Châu Á'),
(9, 2, 'EU & Nga'),
(10, 2, 'Châu Mỹ'),
(11, 4, 'Cộng đồng'),
(12, 4, 'Nhà đẹp'),
(13, 4, 'Bảo vệ gia đình Việt'),
(14, 5, 'Thể thao trong nước'),
(15, 5, 'Thể thao quốc tế'),
(16, 5, 'Bóng đá trong nước'),
(17, 6, 'Tin tuyển sinh'),
(18, 6, 'Khuyến học'),
(19, 6, 'Gương sáng'),
(20, 7, 'Sao Việt'),
(21, 7, 'Hollywood'),
(22, 7, 'Thời trang'),
(23, 8, 'Vòng quay du lịch'),
(24, 8, 'Khám phá'),
(25, 8, 'Món ngon điểm đẹp'),
(26, 9, 'Người Việt Trẻ'),
(27, 9, 'Teen đẹp'),
(28, 9, 'Phóng sự trẻ'),
(29, 10, 'Máy tính - Mạng'),
(30, 10, 'Điện tử - Viễn thông '),
(31, 10, 'Điện tử tiêu dùng'),
(32, 11, 'Thế giới tự nhiên'),
(33, 11, 'Khoa học đó đây'),
(34, 11, 'Tại sao lại thế?'),
(35, 12, 'Chuyện của tôi'),
(36, 12, 'Gia đình'),
(37, 12, 'Tình yêu'),
(38, 13, 'Bí quyết học và thi'),
(39, 13, 'Chỉ tiêu - Điểm chuẩn'),
(40, 13, 'Đề thi - Đáp án'),
(41, 14, 'Chính sách việc làm'),
(42, 14, 'Thị trường việc làm'),
(43, 14, 'Đào tạo việc làm'),
(44, 15, 'Cơ hội du học'),
(45, 15, 'Thế giới du học'),
(46, 15, 'Tài trí Việt');

-- --------------------------------------------------------

--
-- Table structure for table `tag`
--

DROP TABLE IF EXISTS `tag`;
CREATE TABLE IF NOT EXISTS `tag` (
  `Tag_ID` int(11) NOT NULL AUTO_INCREMENT,
  `Tag_Name` varchar(50) COLLATE utf8mb4_vietnamese_ci NOT NULL,
  PRIMARY KEY (`Tag_ID`)
) ENGINE=MyISAM AUTO_INCREMENT=30 DEFAULT CHARSET=utf8mb4 COLLATE=utf8mb4_vietnamese_ci;

--
-- Dumping data for table `tag`
--

INSERT INTO `tag` (`Tag_ID`, `Tag_Name`) VALUES
(1, 'Gạo'),
(2, 'Trump'),
(3, 'Xăng'),
(4, 'Hàng hóa'),
(5, 'Vệ sinh'),
(6, 'Android'),
(7, 'Iphone'),
(8, 'Huawei'),
(9, 'Sony'),
(10, 'Oppo'),
(11, 'Samsung'),
(12, 'Iphone'),
(13, 'Thịt lợn'),
(14, 'Android'),
(15, 'Iphone'),
(16, 'Xiaomi'),
(17, 'Nông dân'),
(18, 'Hải sản'),
(19, 'Thịt gà'),
(20, 'Cá'),
(21, 'iOS'),
(22, 'Bóng đá'),
(23, 'Bóng rổ'),
(24, 'Liên Minh Huyền Thoại'),
(25, 'End Game'),
(26, 'Avengers'),
(27, 'Justice League'),
(28, 'Shazam'),
(29, 'End Game');

-- --------------------------------------------------------

--
-- Table structure for table `writer`
--

DROP TABLE IF EXISTS `writer`;
CREATE TABLE IF NOT EXISTS `writer` (
  `Account_ID` int(11) NOT NULL AUTO_INCREMENT,
  `User_Name` varchar(50) COLLATE utf8mb4_vietnamese_ci DEFAULT NULL,
  `Password` varchar(50) COLLATE utf8mb4_vietnamese_ci DEFAULT NULL,
  `First_Name` varchar(50) COLLATE utf8mb4_vietnamese_ci DEFAULT NULL,
  `Last_Name` varchar(50) COLLATE utf8mb4_vietnamese_ci DEFAULT NULL,
  `Writer_nickname` varchar(50) COLLATE utf8mb4_vietnamese_ci NOT NULL,
  PRIMARY KEY (`Account_ID`)
) ENGINE=MyISAM AUTO_INCREMENT=9 DEFAULT CHARSET=utf8mb4 COLLATE=utf8mb4_vietnamese_ci;

--
-- Dumping data for table `writer`
--

INSERT INTO `writer` (`Account_ID`, `User_Name`, `Password`, `First_Name`, `Last_Name`, `Writer_nickname`) VALUES
(1, 'writer001', '123456', 'w001', 'writer', 'Mikasa'),
(2, 'writer002', '123456', 'w002', 'writer', 'Oklahoma'),
(3, 'writer003', '123456', 'w003', 'writer', 'Hood');

--
-- Indexes for dumped tables
--

--
-- Indexes for table `news`
--
ALTER TABLE `news` ADD FULLTEXT KEY `Title` (`Title`,`Content`);
ALTER TABLE `news` ADD FULLTEXT KEY `Title_2` (`Title`,`Content`,`Summary`);
COMMIT;

/*!40101 SET CHARACTER_SET_CLIENT=@OLD_CHARACTER_SET_CLIENT */;
/*!40101 SET CHARACTER_SET_RESULTS=@OLD_CHARACTER_SET_RESULTS */;
/*!40101 SET COLLATION_CONNECTION=@OLD_COLLATION_CONNECTION */;
